Username,followers,listed_count,degree,mentioned
ShiinaBR,831497,2077,0.000179308,1
MaximumCopeland,38,0,0.000358616,1
omaira_ZELDA,111,1,0.000179308,1
ndrmirr,71,0,0.000358616,1
Jasp3a,67,0,0.000358616,1
nishant_badal,20,0,0.000358616,1
_daisy__,0,0,0.000179308,1
RedPokeTendo,392,0,0.000358616,1
Kili2892,293,3,0.000358616,1
Arbitrary_Hero,573,2,0.000358616,1
ZoraFinz118,159,10,0.000537924,1
Niamh110Lydia,270,4,0.000358616,1
divinedeathboy,210,12,0.000358616,1
MadokaTokisaki,227,4,0.000358616,1
Nomi_Shamoon,157,3,0.000358616,1
RBCAmitojBhogal,15,0,0.000179308,1
HackoruTV,21513,37,0.000179308,1
DatMaxNub,170,7,0.000358616,1
SideShowBatt,72,1,0.000358616,1
retr0greg,338,9,0.000358616,1
sonicjesus1,4585,54,0.000179308,1
Willdogma,377,9,0.000358616,1
WaifusaurusRex,205,5,0.000358616,1
MasterJunior93,1222,38,0.000358616,1
Krushdig,477,22,0.000358616,1
hannahkatelyn49,21,1,0.000358616,1
Eimyxam,37,2,0.000358616,1
SpawnWaveMedia,103023,296,0.000358616,1
dyhptg,1629,17,0.000358616,1
CatlingGun,1263,14,0.000179308,1
Helix13_,2386,8,0.000358616,1
JVera_95,348,10,0.000358616,1
_AdamCarter_,287,1,0.000358616,1
Miss_Kaj24,1017,1,0.000179308,1
Mityr_,20,0,0.000358616,1
WizCoPow,1301,8,0.000358616,1
JohnTheWordsGuy,359,43,0.000358616,1
rokettomusashi,295,2,0.000358616,1
lanceinjapan,93,1,0.000179308,1
CarlosSwiftD,30,1,0.000358616,1
irrelevantpods,151,0,0.000358616,1
twilightocarina,335,8,0.000358616,1
Ze_Holy_Knight,82,1,0.000358616,1
fallnaway,5789,23,0.000358616,1
Hollihoof,160,0,0.000179308,1
W9steve,191,17,0.001434463,1
Scykoh,20656,36,0.000179308,1
PhantomJosh18,137,3,0.000179308,1
vitoriaateixeir,915,0,0.000358616,1
agenlgar,70205,92,0.000179308,1
TheNoodleUdon,148,3,0.000358616,1
theogharbi,237,1,0.000179308,1
StarBats92,144,9,0.000358616,1
Mimikyu_Hawaii,58,1,0.000179308,1
Ghost16062,118,0,0.000358616,1
niadelespacio,113,2,0.000179308,1
xtralife_es,77355,174,0.000179308,1
laurr_michh,66,1,0.000358616,1
Ganmedes6,1,0,0.000179308,1
DDadko,15421,77,0.000358616,1
nathanacomstock,240,6,0.000358616,1
TID3000,75,0,0.000358616,1
SpeedrunsMexico,538,3,0.000358616,1
TheBa55Singer,271,2,0.000358616,1
BaumannMaxe,58,0,0.000179308,1
Guitailer1,305,0,0.000179308,1
Hatoresu_,849,5,0.000358616,1
lullysct,1517,50,0.000358616,1
AlexKoeberl,49,0,0.000358616,1
WesleyHunt2,221,0,0.000179308,1
AscendedTreason,45,2,0.000358616,1
ryannedavis18,533,1,0.000358616,1
JaysharaScott,31536,39,0.000179308,1
usamitokishige,151,1,0.000358616,1
Lord_Frosty,207,2,0.000358616,1
lblvnc,605,0,0.000179308,1
salmaa_ed,42,0,0.000358616,1
sxdfool,1356,5,0.000358616,1
ProudPopplio,510,0,0.000358616,1
svarioken,130,1,0.000179308,1
RoccoRokco,498,5,0.000358616,1
JasperYena,2001,7,0.000358616,1
ErickADub,879,8,0.000537924,1
Nausicaa_Kazeno,277,2,0.000179308,1
currentlyian,390,3,0.000358616,1
foxshadow214,77,0,0.000358616,1
Spectrobian,15,2,0.000358616,1
blacklilligant,229,4,0.000358616,1
Nyawezimhlophe,1265,4,0.000179308,1
big_tapp,280,2,0.000358616,1
brandao_suzana,49931,11,0.000179308,1
vinisorenkkk,297,0,0.000358616,1
luvcraft,392,21,0.000358616,1
theburiedjack,421,0,0.000358616,1
BaconatorBabe,65,1,0.000358616,1
siara_chamblee,17,0,0.000179308,1
HamanKarnVEVO,460,12,0.000537924,1
Minefnafer22,25,0,0.000179308,1
x_PapaS_x,144,2,0.000358616,1
ayyyyyyyron,28,0,0.000358616,1
pikach44,337,0,0.000358616,1
Amabylisfamily,65,0,0.000358616,1
RoiLennon,518499,720,0.000179308,1
legend_of_zelda,31957,144,0.000179308,1
hello__dollface,356,6,0.000358616,1
TheEpicWario,201,9,0.000358616,1
whooshboomtree,163,0,0.000358616,1
sanna_zelda,60,1,0.000179308,1
ArthurGudgeon,34,0,0.000358616,1
MeridiemGames,84502,192,0.000179308,1
justcallmenama,362,45,0.000358616,1
60SecondesSCH,41665,14,0.000179308,1
TakanodanX,854,8,0.000358616,1
gamesommeliers,44,1,0.000358616,1
SmoovyOG,622,3,0.000179308,1
lauramackay123,127,3,0.000358616,1
ARTSTAEHG,305,6,0.000358616,1
jvdubz,154,2,0.000179308,1
Fossilized_Nerd,271,4,0.000358616,1
windyoshi,213,0,0.000179308,1
yusufied,65,0,0.000358616,1
StuardBrad,2,0,0.000358616,1
GCWithFries,39,4,0.000358616,1
RetroGamersClub,35657,352,0.000179308,1
SirPotasio,139435,332,0.000179308,1
ReptileEnclosed,11048,96,0.000358616,1
Galileo_Star,659,4,0.000358616,1
adatintime,94,3,0.000358616,1
lUPINFLAMES,7,0,0.000179308,1
Supercaliy,1090,30,0.000179308,1
ab_shiro,44,0,0.000358616,1
Rhojinquest,3116,39,0.000358616,1
paimonfess,55082,307,0.000179308,1
arandrin,264,6,0.000358616,1
Sheriff_D_F,312,1,0.000358616,1
Alfman252,182,2,0.000179308,1
Final_BossXL,2891,9,0.000358616,1
CraigMhgg,265,4,0.000358616,1
Kaskarin_32,1,0,0.000358616,1
ananavarro,1905408,8550,0.000179308,1
Rycaster,872,54,0.000358616,1
Reaper_Accolyte,506,7,0.000358616,1
abighack,32,0,0.000358616,1
egoraptor,1072387,1493,0.000179308,1
HorseRawa,42,0,0.000358616,1
guilhermekato,508,10,0.000358616,1
ryankneessi,309,10,0.000358616,1
streamer_basics,2234,3,0.000179308,1
no_need_go,31087,48,0.000358616,1
Capt_Slapa_Ho,1602,18,0.000358616,1
SMASHnewsBOT,409,1,0.000358616,1
TheFifthPilot16,246,1,0.000179308,1
diezel308,18,1,0.000358616,1
Rick_Tejeda,127,1,0.000358616,1
TeamWatercress,677,0,0.000179308,1
pygmalyoongi,611,17,0.000358616,1
oneteemussett,371,7,0.000358616,1
D4rk_Sun,731,4,0.000358616,1
MoriMatsuko,261,16,0.000358616,1
ElAlacrancillo_,23638,127,0.000179308,1
RetroRevelation,1503,38,0.000358616,1
CodeNamePizza,156392,66,0.000179308,1
Slink_Lovette,14,0,0.000358616,1
KrisIsTheWorst,87,0,0.000358616,1
nickytheman12,690,2,0.000358616,1
NSFWTysonTyph,361,0,0.000358616,1
foxcy_acnh,224,2,0.000179308,1
yanzinatlaw,556,1,0.000179308,1
Vega67021379,40,0,0.000358616,1
Pikmingirl,875,14,0.000179308,1
lioerri,287,4,0.000358616,1
haveyoumetklev,5261,132,0.000179308,1
IY42045573,15,0,0.000358616,1
artistnest,1549,167,0.000179308,1
KdogGaming31,925,13,0.000358616,1
eternalwrose,37,3,0.000358616,1
_oh_look_a_weeb,443,11,0.000179308,1
ElGangresyano,106,1,0.000358616,1
braaamzy,192,0,0.000358616,1
soupcatsimp,3,0,0.000358616,1
restegroupir,2931,7,0.000179308,1
IndianaJesus,38,4,0.000358616,1
eufh0ria,33,2,0.000358616,1
Fonz_Bread,29,2,0.000358616,1
pakk_u,253,6,0.000358616,1
EmpireBMTH,54,4,0.000358616,1
pombinharoxa,1082,8,0.000358616,1
ByLaraJackson,3632,37,0.000358616,1
Chaosxsilencer,441183,376,0.000179308,1
Samika23043108,27,0,0.000358616,1
MattWalshBlog,810676,3867,0.000179308,1
HYPEX,2233737,3039,0.000179308,1
BabyBoiLogey,1280,16,0.000358616,1
DjUchuu,2240,12,0.000358616,1
Mothdurg,151,0,0.000358616,1
SuperGuyNumber1,82,2,0.000358616,1
RobaFett64,92,4,0.000537924,1
2chunix,14,0,0.000358616,1
AlicePaladares,529,5,0.000358616,1
Reshisn,133,0,0.000358616,1
Ayyyitsboulet,1270,0,0.000358616,1
Kleines_Tal,101,0,0.000358616,1
sandman420,1527,36,0.000358616,1
Elva_877,97,0,0.000358616,1
VaIakMountain,494,32,0.000358616,1
lamarcodon,233,0,0.000358616,1
BendahDr,123,0,0.000358616,1
ReyJingiliani,121,3,0.000358616,1
TankerS_,97,2,0.000358616,1
xlook2theskyx,290,3,0.000358616,1
danieldemilio,269,2,0.000358616,1
ribbonotes,812,13,0.000179308,1
Terrayaki3,291,5,0.000358616,1
Mar_Animation,930,4,0.000358616,1
Redik_Trios,77,0,0.000358616,1
claroscur_,1788,16,0.000358616,1
GauchoGooner,253,11,0.000358616,1
ashabysss,49,0,0.000358616,1
naylavrbh,1284,42,0.000358616,1
Italiajin21,2998,143,0.000358616,1
SeninPicka,573,1,0.000358616,1
_timmyg95,442,0,0.000358616,1
Praesidium0328,537,3,0.000358616,1
TheRealRival_94,26,1,0.000358616,1
artdezeta,374,1,0.000179308,1
StevenBeaumont7,384,1,0.000358616,1
enemyoftrust,106,2,0.000358616,1
neonbabel,1230,0,0.000179308,1
YaboiHoxen,1414,0,0.000358616,1
CamWillingham21,389,3,0.000358616,1
sekretskies,215,0,0.000358616,1
Samsapoping,794,0,0.000358616,1
MozzyFluorum,134,2,0.000358616,1
jhanan,311,7,0.000358616,1
kAnAkAt4k,2,0,0.000358616,1
kattleinad,1587,0,0.000179308,1
scaralcvr,187,17,0.000358616,1
McMayhem083,334,3,0.000358616,1
IdiazAyuso,744802,1928,0.000179308,1
TheRavvyn,857,15,0.000358616,1
streetlightdawn,329,6,0.000358616,1
Iunatrice,199,6,0.000358616,1
SuperSaiyan95,132,3,0.000179308,1
shiemi_no_risu,538,9,0.000537924,1
7H30NLYF3RNZ74N,456,8,0.000358616,1
MarkAntonie12,156,4,0.000358616,1
paulodaluz12,1011,0,0.000358616,1
cafe_fandango,1174,6,0.000179308,1
Kotlolish,731,15,0.000358616,1
Holy_Bronx,44,0,0.000358616,1
humansrawful,171,4,0.000358616,1
esedane,122,3,0.000179308,1
alamoaggie08,328,15,0.000358616,1
billrosasjr,86,2,0.000358616,1
Crowmere2,3,0,0.000358616,1
NickRedMachine,709,20,0.000358616,1
AlfioZacco,1019,9,0.000179308,1
dropthvt,406,1,0.000358616,1
AshJeffys,208,12,0.000358616,1
Nickeltendo,49,1,0.000179308,1
terminiangoron,8,0,0.000358616,1
flurrycakez,305,11,0.000358616,1
lsthief,157,0,0.000358616,1
MummyGrenouille,662,4,0.000358616,1
FabioCETF,2119,4,0.000179308,1
Modo7Pod,1446,16,0.000179308,1
Icoochu,13123,98,0.000179308,1
gothgibsongirl,224,2,0.000358616,1
TravezRipley,652,64,0.000358616,1
grenouille781,310,2,0.000179308,1
fatfarng,1,0,0.000179308,1
_thalula_,1550,25,0.000179308,1
ThatCuntChloe,217,2,0.000358616,1
EAriaera,174,2,0.000358616,1
cottonmajin,71,0,0.000358616,1
Romancane,12536,154,0.000358616,1
Minartaugustin,97,1,0.000179308,1
MECHA_OOKS,15,2,0.000358616,1
crypticrysts,1057,14,0.000358616,1
EggyNeedles,302,5,0.000358616,1
chesthairalert,537,0,0.000179308,1
mcclure111,29918,627,0.000358616,1
dynamik_one,151,1,0.000358616,1
MendaLerenda99,225,11,0.000179308,1
Rubi_zelda,313,0,0.000179308,1
lordsoftheseth,3542,26,0.000358616,1
DeveshBag,90,1,0.000358616,1
delawerton,212,0,0.000358616,1
evilgenius815,65,0,0.000358616,1
Derlowe14,30,0,0.000358616,1
SleepyTeaMage,36,0,0.000358616,1
irenemcho,4611,54,0.000179308,1
iscarquelate,197,0,0.000358616,1
edgewalker81,1143,33,0.000358616,1
CraftsuneMiku,90,0,0.000358616,1
_kanayans_,517,2,0.000358616,1
ReginaSpiegel5,5095,0,0.000179308,1
kashikiyunos,11,0,0.000179308,1
JamesRiav,113,2,0.000358616,1
alltheangelsx,997,12,0.000358616,1
Manu_Aventuras,384,0,0.000179308,1
GlassTurtle1,842,0,0.000358616,1
AlexOneXGaming,17,0,0.000358616,1
NefariousAryq,175,2,0.000358616,1
RandomnessMayro,55,0,0.000358616,1
WalterWethermen,53,0,0.000179308,1
Cantolope_TL,621,3,0.000358616,1
JhonBonJon,33,1,0.000179308,1
DAMunguiaFuent1,88,0,0.000358616,1
Kaygun61ts,12,0,0.000896539,1
calebdoerksen2,475,4,0.000358616,1
Depresso0410,123,0,0.000358616,1
sonymicronin,154,36,0.000358616,1
modernights,100,1,0.000358616,1
NatePhallacy,1948,0,0.000358616,1
korokleafs,881,0,0.000179308,1
case_face,1921,46,0.000179308,1
looxPetzichen,48,21,0.000358616,1
linkaishin,140,4,0.000358616,1
EccentricArm777,2535,71,0.000179308,1
JAYVERSACE,1638127,677,0.000179308,1
Schmae212,687,11,0.000358616,1
WinterMuteJelly,4637,37,0.000179308,1
mikanjellies,318,24,0.000358616,1
ianpcartoonr,279,1,0.000358616,1
harIzivy,748,31,0.000358616,1
BanjoBear696,19,0,0.000358616,1
Grant_Hanlon,481,13,0.000358616,1
xangbar,110,2,0.000358616,1
Corexxed__,63,1,0.000358616,1
Lark2Bird,281,1,0.000179308,1
RayZoh,303,5,0.000537924,1
foxes_in_love,213435,631,0.000179308,1
pesicomosaico,301,9,0.000179308,1
SCUMflowerMan,256,11,0.000358616,1
colinlemoncake,104,0,0.000358616,1
annacarbo12,273,2,0.000358616,1
superjefefinal1,191,0,0.000358616,1
ganondorf94,165,2,0.000358616,1
k_so122,53,1,0.000358616,1
RandySieracki,43,0,0.000358616,1
KrmDagger,65,0,0.000358616,1
PlazmaticBurn,60,0,0.000358616,1
VGItems,547,0,0.000358616,1
GFuelEnergy,1701194,528,0.000179308,1
brieelle_,734,3,0.000358616,1
je_somerton,5123,12,0.000358616,1
Bethsburgerbar,1026,19,0.000179308,1
golvio,188,0,0.000537924,1
lspicerart,258,8,0.000358616,1
PoesiaYRelatos,113787,486,0.000358616,1
heliosx42,104,2,0.000358616,1
kranzman,1703,46,0.000358616,1
webology,7909,257,0.000179308,1
kelfus1,107,0,0.000358616,1
bobbysoto,115,0,0.000358616,1
phidica,96,0,0.000358616,1
Gosho4869,82,4,0.000358616,1
stakethisclaim,498,6,0.000358616,1
vergilecter,224,3,0.000358616,1
FrostyShutIn,167,2,0.000358616,1
Cider_152,45,0,0.000358616,1
ak8tsuki,43,0,0.000179308,1
cathysuniverse,36,0,0.000358616,1
_cademille,401,29,0.000358616,1
Mousieta,102,0,0.000358616,1
hikuro14,334,5,0.000358616,1
sewerw0lf_,42,1,0.000358616,1
imkellyrichards,2113,56,0.000179308,1
Kinglink86_,1827,2,0.000358616,1
evanhegwood,75,0,0.000358616,1
wiill64,1424,22,0.000358616,1
winksgaming,831,11,0.000537924,1
Sack_of_Bricks,20,0,0.000358616,1
_redhottt,1569,9,0.000358616,1
gromhellscreen,92,1,0.000179308,1
SahZa_,68,0,0.000358616,1
DojaCat,4742286,2122,0.000179308,1
marciaapss_,3843,0,0.000179308,1
BZRich64,46,1,0.000537924,1
gominismo,3192,29,0.000358616,1
dubyaDdubya,172,4,0.000358616,1
4x7h8,1325,7,0.000358616,1
shinsokun,2546,58,0.000179308,1
BrianONG007,1,0,0.000179308,1
larosehime,171,4,0.000358616,1
exelion_,164,5,0.000358616,1
AaronsArtRoom,1045,30,0.000358616,1
Gcintraa,804,3,0.000179308,1
MhmmmColter,224,7,0.000358616,1
ShadowLWolf,15,1,0.000358616,1
ttwoson,37,1,0.000358616,1
mclovinnho,2134,8,0.000358616,1
red_foxx15,171,5,0.000358616,1
notasbit,309,19,0.000358616,1
albacxr,1275,4,0.000358616,1
Luiso_EK,155,1,0.000358616,1
prayzanza,137,2,0.000179308,1
MntalHlthMatt,2294,45,0.000358616,1
WakahisaSensei,1982,21,0.000179308,1
Aspirtration,14,0,0.000358616,1
GroadmiralThraw,2232,18,0.000179308,1
DividuatedFlux,822,30,0.000358616,1
ChorusSarcastic,2018,4,0.000717231,1
DustBucketDX,869,11,0.000358616,1
KonTheSnerd,15,0,0.000358616,1
dorepo_toledo,16,0,0.000358616,1
dan_hoyt,1532,25,0.000358616,1
HylianGossip,19,0,0.000358616,1
MikeyGormley,282,0,0.000358616,1
papermetroid,72,1,0.000358616,1
mindlessjohnny,321,17,0.000358616,1
Pastor_Boz,389,4,0.000179308,1
Ace70Black,667,5,0.000358616,1
VaultOfAss,259,0,0.000358616,1
callieicos,413,15,0.000358616,1
GameGrooves,1462,11,0.000537924,1
OfficePainter,2888,12,0.000179308,1
i4dains,2431,10,0.000358616,1
CarlosBenavent1,0,0,0.000179308,1
luvsaiko,78,12,0.000358616,1
fath0bbit,780,7,0.000179308,1
Pixelated_Ben,1253,11,0.000717231,1
DCSHGShinku,1248,14,0.000358616,1
DisteriousCP,194,1,0.000358616,1
fakegeekbot,29,1,0.000358616,1
general_magma1,422,1,0.000179308,1
Anormal21275770,1,0,0.000358616,1
chescaleigh,239583,1963,0.000179308,1
BlueEarOtter,378,7,0.000358616,1
Bekzness,484,26,0.000179308,1
marceljucart,148,0,0.000358616,1
spacethetics,65,1,0.000179308,1
MrFranCazorla,1148,7,0.000358616,1
ZaniestCartoon,51,0,0.000358616,1
DiceAndNames,13450,333,0.000179308,1
luligfs,56,0,0.000358616,1
kylie1886,439,0,0.000358616,1
nerdallstars,14721,25,0.000358616,1
AleRevengeance,135,1,0.000179308,1
theCandleBites,22,0,0.000358616,1
prolezone,549,0,0.000358616,1
RyanLeeMP,1362,1,0.000179308,1
PokeDude011,338,2,0.000358616,1
TheWishblade,54,3,0.000358616,1
Aka_theRed,68,2,0.000358616,1
MetalGanjey,29,0,0.000358616,1
icrsandrea,39,0,0.000179308,1
Hiperop,90988,23,0.000179308,1
kawaisprite,149447,115,0.000179308,1
CloudySkies_98,37,0,0.000179308,1
AlixDakota,862,0,0.000537924,1
ChitoEzio,205,1,0.000358616,1
helvetica5td,8714,51,0.000179308,1
catpatispatcat,102,0,0.000179308,1
UrWaifuSux2022,92,1,0.000358616,1
its_menieb,28147,119,0.000179308,1
LegendofLex,255,4,0.000358616,1
cfsaints37,305,5,0.000358616,1
Reuniclus_Zelda,8,0,0.000179308,1
LadyTyto,3340,0,0.000358616,1
Somekill151,0,0,0.000179308,1
seasaltcosmos,715,9,0.000358616,1
GamerStockist,3265,15,0.000358616,1
_christena_t,11924,82,0.000358616,1
viperlain,93,1,0.000358616,1
GeekyN8,2500,12,0.000358616,1
pagkahari,963,10,0.000358616,1
zeldarp_ebooks,19,0,0.000358616,1
andrezzabplays,3038,19,0.000358616,1
2ndartbook,939,10,0.000358616,1
misterparker,934,44,0.000358616,1
87StarsBen,3374,6,0.000717231,1
ayluski,1667,30,0.000179308,1
ElAgri141102,17,0,0.000358616,1
Ahtni1,101,1,0.000358616,1
Kamizhou_UK,883,11,0.000358616,1
joshi64bit,127,1,0.000358616,1
meepsmoops,156,1,0.000358616,1
MikkiNami,571,5,0.000358616,1
Incorgnito1,9,0,0.000358616,1
crystals_sugar,724,1,0.000358616,1
wuteverfloats,158,4,0.000358616,1
ItsCrawdaddy,80,0,0.000358616,1
theavalkyrie,15895,217,0.000179308,1
asinglemoonunit,14,0,0.000358616,1
GMatt82,1,2,0.000358616,1
YinYangGhosty,85,0,0.000358616,1
CWhitakerSport,18302,406,0.000179308,1
PillarCreators,1818,12,0.000358616,1
SJHDoesGames,681,20,0.000179308,1
Saberspark,226969,284,0.000179308,1
GOATRVIS,433,3,0.000179308,1
TheLaagy,538,14,0.000358616,1
JayDemille,142,5,0.000358616,1
MollyOKami,82,1,0.000358616,1
JVogt_21,163,3,0.000358616,1
Arlyurl,316,2,0.000358616,1
Tehleetazn,80,1,0.000358616,1
ommietra_,97,1,0.000358616,1
SwoobatMafia,123,3,0.000537924,1
nrding,832,6,0.000358616,1
LSonicraft,95,0,0.000179308,1
zeldawilliams,424797,1254,0.000179308,1
cooIval,194,2,0.000358616,1
gpadialb,143,0,0.000179308,1
boshtok19,23,1,0.000358616,1
IFTecnologico,61,1,0.000358616,1
son_so_hyun,20,0,0.000179308,1
J2KChoiceCuts,43,1,0.000179308,1
nosoyBenja_,55,0,0.000358616,1
JollyGreenCarl,139,1,0.000358616,1
AstrobotFacts,358,17,0.000358616,1
cnni,13557745,47877,0.000179308,1
MooneyDoc2,435,9,0.000179308,1
BDawggCOMT,267,5,0.000358616,1
Chalgaro,115,5,0.000358616,1
Zero_Ryuzaki,94,0,0.000358616,1
HawkinsHolden,59,0,0.000358616,1
Chatothebear,93,3,0.000358616,1
PlayNation,2001,3,0.000179308,1
SonorousD,91,0,0.000179308,1
ShantaeZagami,109,8,0.000358616,1
mf_ribcage,121,3,0.000358616,1
GreyScaleLJH,848,11,0.000358616,1
Alex_Drake79,1037,49,0.000358616,1
BlandrewYT,2556,21,0.000358616,1
Christian_AFx,116,0,0.000358616,1
TheNasher61,53383,92,0.000179308,1
coL_Amazonian,17307,126,0.000179308,1
iconicqueen12,209,1,0.000358616,1
RealKoolkitty9,220,0,0.000358616,1
GelsenGaming,147,1,0.000358616,1
Gotti_stream,36,0,0.000358616,1
RandyClancy,159,1,0.000358616,1
GarmoreW,35,2,0.000358616,1
AidanToye04,148,2,0.000358616,1
Jacurtis95,466,8,0.000358616,1
maagsauce,67,2,0.000358616,1
CubeBc,537,1,0.000358616,1
n0c0ntextzelda,565,2,0.000179308,1
MattLeidholm,407,14,0.000358616,1
sech28,26703,39,0.000358616,1
Bagbot_,155,3,0.000358616,1
Blackopulous,81,0,0.000358616,1
weebanimeboi,165,1,0.000358616,1
BoneJanky,11340,46,0.000358616,1
they_new,159,3,0.000358616,1
WilrowHood,182,0,0.000358616,1
MebyChaan,467,0,0.000358616,1
modestomonzon,158,0,0.000179308,1
cornbreadbois,101,0,0.000358616,1
tocardenumero1,172,0,0.000358616,1
Luma_GK,6390,88,0.000358616,1
RootBeerDrunk,17,0,0.000358616,1
ZackSnyder,1321249,3678,0.000179308,1
BigDaddyDou,20,2,0.000358616,1
tsutomes,131,1,0.000358616,1
phoenix_martin,188,1,0.000358616,1
moonymue,630,2,0.000358616,1
tragiculous,458,11,0.000179308,1
CommunistGeek,138,2,0.000179308,1
mmcdonline,385,12,0.000179308,1
Ayden_BP,28,4,0.000358616,1
ToxicEther,30,1,0.000358616,1
rubyenraylls,22933,110,0.000179308,1
ScottHa63721366,425,1,0.000179308,1
nappymaskshop,273,3,0.000358616,1
alabamabatman,1212,4,0.000179308,1
vaultboy81,242,4,0.000179308,1
ThaDangerousOne,497,10,0.000358616,1
sp00ky_deer,245,3,0.000179308,1
brennemania,763,24,0.000358616,1
BardicKnowledge,2331,63,0.000358616,1
carlonoias,887,2,0.000179308,1
MonsterMazeYT,3715,15,0.000358616,1
oddieoats,108,4,0.000179308,1
hyrulefields64,604,15,0.000358616,1
Animation_Voice,1366,10,0.000358616,1
JokarioArt,5366,104,0.000179308,1
PCBBasketdemon,181,1,0.000179308,1
clowned187,71,2,0.000358616,1
CaydenTheDawg,293,4,0.000358616,1
NarbeVoguel,78,1,0.000358616,1
Goldspira1,22,0,0.000358616,1
DevinValentin3,62,0,0.000358616,1
grande_depresso,50,4,0.000358616,1
UgurkeDub,18,0,0.000358616,1
ROCCATFrance,212057,190,0.000179308,1
BananaChicken22,11,0,0.000179308,1
vivaolives,101,2,0.000179308,1
SeveredSonsDnD,6884,58,0.000179308,1
swissuscheesus,35,0,0.000358616,1
HollowPoiint,268316,135,0.000179308,1
JessicaMelody16,48,0,0.000358616,1
ksenialuwuis,71,2,0.000179308,1
1derpaul,137,9,0.000358616,1
C3_Mada,348,2,0.000179308,1
HeatherOnStevia,237,7,0.000358616,1
madipupofficial,1557,11,0.000358616,1
Tankian76,113,0,0.000179308,1
Samantha_Clause,414,4,0.000358616,1
ReindeerPoyo,526,14,0.001075847,1
bilal_67m,52,0,0.000358616,1
FavianQuezada,1230,50,0.000358616,1
odiginews,1,0,0.000358616,1
streakydesign,115,13,0.000358616,1
timeforwizards,164,2,0.000358616,1
Pepe_SMT,126,7,0.000358616,1
udamaster,1294,32,0.000179308,1
navuyo,1050,5,0.000179308,1
kreativKAZU,146,1,0.000179308,1
KairaEridan,650,14,0.000358616,1
whiteshadows823,652,4,0.000358616,1
wheezyzone,318,1,0.000537924,1
Trashqueen_01,7108,43,0.000358616,1
themoulinrogue,373,1,0.000358616,1
iamtherealoutis,822,1,0.000358616,1
J_Goxed,289,0,0.000358616,1
heyyyalan,950,26,0.000358616,1
bfoxpriest,181,8,0.000358616,1
mlettini,495,47,0.000358616,1
notyourguts,396,4,0.000358616,1
heya_rogy,361,6,0.000358616,1
msifrance,318914,310,0.000179308,1
AndreaPichinini,14563,55,0.000179308,1
hobby_consolas,328878,1640,0.000179308,1
Baljeets_minion,6,0,0.000537924,1
littlelightiny,40,0,0.000179308,1
3BroLives,5,0,0.000358616,1
WinterLayea,101,1,0.000358616,1
zilognmotohost,459,4,0.000358616,1
TheNamesCam1,426,5,0.000358616,1
AntonioMLNW,350,1,0.000179308,1
klorofilledZ,460,0,0.000358616,1
_Vixory,80,3,0.000358616,1
AlgandarsPlague,82,1,0.000358616,1
LighterFluuid,6,0,0.000358616,1
TheDawgMiner,243,4,0.000358616,1
PrinnyTonic,1103,18,0.000358616,1
chaoticpopcornn,39,0,0.000358616,1
jurkperson,315,0,0.000537924,1
666pigeon,315201,2346,0.000179308,1
DaveBromez,83,1,0.000358616,1
eldritchshota,172,2,0.000358616,1
HelloJackTseng,1611,13,0.000179308,1
kingboozx3,421,0,0.000358616,1
ThirteenXIII1,86,2,0.001075847,1
princehk1999,45,0,0.000179308,1
Lazy_kates,431,4,0.000179308,1
kuja488,28,1,0.000537924,1
Nesquik_Queen,39,0,0.000358616,1
Bubblepopspit,441,4,0.000358616,1
ItMePorkate,96,1,0.000358616,1
Pink_So1,229,2,0.000358616,1
BerMEWdez728,2250,53,0.000358616,1
tgtkai,418,4,0.000358616,1
druxenn,33,0,0.000358616,1
thorlarshanson,197,1,0.000358616,1
PawsYourGame,1743,6,0.000179308,1
ItsWhiteThunder,335,3,0.000537924,1
ouiszn,24,0,0.000358616,1
2D2Will,239,9,0.000358616,1
RedMaou,507,16,0.000358616,1
Mikawas_,1170,4,0.000358616,1
smolmallowz,73,0,0.000358616,1
RavioliBoi7,4,0,0.000358616,1
dash_ideas,178,1,0.000358616,1
JinMukangbruh,25,0,0.000358616,1
ProblematicLamb,202,2,0.000358616,1
SavageMembrane,381,9,0.000358616,1
jbrawleyPV,2442,8,0.000358616,1
gillian_nickel,284,0,0.000358616,1
1upCAD,94,4,0.000358616,1
Bad_OverHere,375,8,0.000358616,1
devinator26,122,1,0.000358616,1
Emeraldrox303,245,11,0.000358616,1
6ter,39170,160,0.000179308,1
DGalatovich,65,0,0.000358616,1
flesh_knight,4194,16,0.000179308,1
christian_knapp,234,1,0.000358616,1
Oreboat1,42,0,0.000358616,1
WandererAlexthe,620,1,0.000358616,1
faits,153,14,0.000358616,1
CodmFelto,0,0,0.000179308,1
Andyblarg,125,2,0.000179308,1
KhayyaamButt,514,4,0.000358616,1
Princesa_Zelda_,138,6,0.000179308,1
SuperBunnyBun,201,9,0.000358616,1
solarsaber_,13977,73,0.000179308,1
OfficialRWBY,109253,204,0.000179308,1
cr0bar,8817,22,0.000179308,1
aliensyndrome,202,0,0.000358616,1
MrWolfmiester,6,0,0.000358616,1
_Be_not_Afraid,3200,10,0.000358616,1
Cactuceratops,4031,35,0.000358616,1
wyhz72,468,2,0.000358616,1
PissedGreenLink,76,0,0.000358616,1
poIysics,124,0,0.000358616,1
EfejotaRenton,323,5,0.000896539,1
OneyPlays,181237,90,0.000179308,1
Fadingarcader,2307,15,0.000358616,1
GumGumGoblin,13,0,0.000358616,1
Akusushi,157,11,0.000358616,1
Mrxpaygox,111,6,0.000179308,1
Zoodrak,53,1,0.000179308,1
ZXNature,191,4,0.000358616,1
Omnigun,156,3,0.000358616,1
jadolphgaming,127,1,0.000358616,1
TJPhatty,241,3,0.000358616,1
_danpar,209,4,0.000358616,1
LannieStabile,4699,38,0.000358616,1
marywantacookie,762,3,0.000358616,1
Frankymix_,28,0,0.000179308,1
Fairytalevo,277,0,0.000358616,1
DrCerise_scp,1131,41,0.000358616,1
Stingrayz_04,331,10,0.000358616,1
Skullivan_Bones,221,2,0.000358616,1
ornatebones,209,0,0.000358616,1
meagan_mclean,156,5,0.000179308,1
Itsal_withanL,1833,65,0.000358616,1
KorethTwitch,357,2,0.000537924,1
TH3GADFLY,6927,71,0.000179308,1
NerdzRantz,230,6,0.000358616,1
grejory654,11,0,0.000358616,1
SandyFrizzle,43271,83,0.000179308,1
Derekkoji,171,12,0.000358616,1
Lorenz_4734,1107,24,0.000358616,1
casey_hurdler,374,0,0.000358616,1
TWKOfficial,913,29,0.000358616,1
Hydrixtheaqua,234,6,0.000358616,1
woojimie,125,0,0.000358616,1
LaySouls,324,6,0.000179308,1
SalsaPie,100,1,0.000358616,1
JoCoats88,74,0,0.000358616,1
GallantAndZeros,374,26,0.000358616,1
HyruleHomeslice,329,7,0.000537924,1
df2506,1200,97,0.000358616,1
S2Impact,296,1,0.000537924,1
MTBlack2567,23735,187,0.000179308,1
Olivian_RD,42,2,0.000358616,1
Benny3rror,636,14,0.000358616,1
RealBaoZakeruga,1534,44,0.000358616,1
LarryXMario,10,0,0.000358616,1
STWVideoBot,3150,11,0.000358616,1
ItsAndrewXP,965,6,0.000358616,1
piersmorgan,7965223,17267,0.000179308,1
GeorgeSrTweets,29,1,0.000358616,1
mariparti,142,0,0.000179308,1
Akax__,59,1,0.000358616,1
JumpmanFR,1366,0,0.000358616,1
WizardEmu,98,3,0.000358616,1
quesosquestions,150,1,0.000358616,1
BylixBay,590,7,0.000358616,1
GabriellaBuba,11013,89,0.000179308,1
ccagraveheart,583,25,0.000358616,1
AmandineFlachs,4933,751,0.000179308,1
akumazxi,285,4,0.000358616,1
NintendoEurope,611073,2462,0.000179308,1
SuperSonic71087,1425,40,0.000358616,1
wastelandroar,354,2,0.000358616,1
SakuraVilthuril,89,1,0.000358616,1
TheSilverSmithy,169,4,0.000358616,1
OFantasyStudios,10,1,0.000358616,1
HxG09,536,10,0.000358616,1
einfachkage,30,2,0.000358616,1
Lucacio_3,173,0,0.000358616,1
Pms07567276,0,0,0.000179308,1
scottyely,185,4,0.000358616,1
Zenodyne,160,6,0.000358616,1
Popflix4,235,0,0.000358616,1
abyssalken,228,15,0.000358616,1
sunellix,389,7,0.000358616,1
ChaiaEran,85,2,0.000358616,1
MrHtuber_YT,37,0,0.000358616,1
DorraBartaguiz,444,8,0.000179308,1
JustFasar,201,2,0.000358616,1
rubiconcapital_,27618,133,0.000179308,1
FrauskDen,64,1,0.000358616,1
amyturkharp,867,16,0.000358616,1
Caleb_Nico1,152,0,0.000358616,1
HallowQween,43,1,0.000358616,1
nerdyOme,414,3,0.000179308,1
im_not_art,10889,115,0.000358616,1
ProfessorFich,178,2,0.000358616,1
presea_zelda,830,19,0.000179308,1
Itsemily0kay,526,3,0.000358616,1
spook27,147,6,0.000358616,1
CheapStevo,509,7,0.000358616,1
maskedlizard,505,22,0.000358616,1
jocve,688,10,0.000179308,1
Hurricanechik,104,1,0.000179308,1
carlovcarlo,120622,117,0.000179308,1
LouisJ003,140,2,0.000179308,1
BAWilliams95,24,0,0.000179308,1
RpgYears,624,9,0.000179308,1
ArtisticGamer7,1689,15,0.000179308,1
WasderGG,16579,39,0.000179308,1
RealBobbyPlays,81867,67,0.000179308,1
ZachRoskilly,445,2,0.000358616,1
lawllin,102,4,0.000358616,1
eai_firme,108,0,0.000179308,1
karlmarxapika,295,1,0.000358616,1
RidicBowe,637,12,0.000358616,1
NeveResK,316,8,0.000179308,1
Moon_lol1,21,1,0.000358616,1
ThatGuyWithAGa1,816,4,0.000358616,1
not_generaldex,162,0,0.000358616,1
troyvstheworld,42,0,0.000358616,1
nearthirdimpact,1034,11,0.000358616,1
Musicologess,1414,24,0.000358616,1
jeliydoughnuts,59,1,0.000358616,1
UnchainedYtb,59641,18,0.000179308,1
UsamaJawad96,400,8,0.000358616,1
Bestorb,590,12,0.000358616,1
MobiTigger,1411,83,0.000179308,1
tillifish,4111,23,0.000179308,1
GizmodoES,1231670,5227,0.000358616,1
ClumsyOrca,381,3,0.000179308,1
SilverSt3rling,1709,11,0.000179308,1
RebelliousSaber,875,6,0.000358616,1
drellousy,364,3,0.000358616,1
PrintsOnCake,1040,7,0.000358616,1
ClipsLittle,8,0,0.000358616,1
Eudemonita,631,3,0.000358616,1
MyNameIsFunnyHa,1042,12,0.000537924,1
UnaPrendefuegos,3380,11,0.000179308,1
AnnaSmith61282,50,0,0.000358616,1
foxydargon,149,1,0.000179308,1
FlamesClover,46,1,0.000358616,1
yatorarc,1356,18,0.000358616,1
okami_hylia,315,9,0.000358616,1
Trvppapi10,1072,20,0.000358616,1
arisroth,4802,64,0.000179308,1
BassHybride,1018,1,0.000358616,1
SunWukongTWF,197,3,0.000358616,1
dizzyscribbless,40,1,0.000358616,1
BirdRespecter,29078,59,0.000179308,1
ImperialW0lf,1119,2,0.000179308,1
RedlikePancakes,850,11,0.000358616,1
imscottryan,446,13,0.000358616,1
daylightpub1066,1651,20,0.000179308,1
agusvikingoaria,59,0,0.000179308,1
VINSM0KES,48,1,0.000179308,1
Son_Of_Clark,760,5,0.000358616,1
ofelipelee,1886,22,0.000358616,1
HCGSHOW,24647,115,0.000179308,1
AzurasLegs,63,0,0.000358616,1
heyo_KazeTS,481,2,0.000179308,1
OhSkyTTV,129,2,0.000358616,1
spf13,30742,1152,0.000358616,1
Vileself,2104,22,0.000358616,1
toffeemugg,95,2,0.000358616,1
DYNANUGGIES,313,11,0.000358616,1
SpinelessOyster,9416,35,0.000358616,1
DemiseAvalon,143,9,0.000358616,1
sauceddie,285623,78,0.000179308,1
Metunnica,393,4,0.000179308,1
L_oliveCalista,64,0,0.000358616,1
Promo_YT,15470,131,0.000179308,1
seraphvenin,56,1,0.000358616,1
PlatnumHam,1392,32,0.000537924,1
Zelda_Flowers,21,1,0.000179308,1
GotitaSenpai,795,13,0.000179308,1
ehitsjay,164,5,0.000358616,1
hiraihomos,127,11,0.000358616,1
Zelda_Kreon,149,0,0.000179308,1
Anim8Tron,117,4,0.000358616,1
Stidham_Gamer,37,1,0.000358616,1
Phoenix8212,105,0,0.000358616,1
deadlyk67791260,110,1,0.000358616,1
CTArtisan,292,2,0.000358616,1
dailyrpgchara,1959,1,0.000537924,1
JacobMonks1,23,0,0.000358616,1
rubymaeda,328,11,0.000358616,1
prichoutigrou,271,8,0.000358616,1
Nicoohus,42,1,0.000358616,1
Checkmate_DC,229,4,0.000358616,1
Scuttlepunk,1198,12,0.000179308,1
RetroPlaidGuy,38,0,0.000358616,1
yingleberry,13748,145,0.000358616,1
iJetGemini,236,3,0.000358616,1
GUINDAKO,2273,30,0.000179308,1
Willaby_Neko,146,1,0.000358616,1
alexjyong,81,1,0.000358616,1
CauseImDanJones,26518,181,0.000179308,1
OsmarDaMecanica,751,8,0.000358616,1
RoaxesChao,324,4,0.000358616,1
YNWAlfcnews_,19309,14,0.000179308,1
lucas_ldrt,41,1,0.000358616,1
DevonPaigee,280,2,0.000358616,1
candidcassowary,2,0,0.000358616,1
MGamer997,68,1,0.000358616,1
bluekona9,84,1,0.000179308,1
Doge_This101,195,7,0.000358616,1
tjcurler,479,9,0.000179308,1
d_oman,284,13,0.000358616,1
AestheticsChud,36,0,0.000358616,1
TechSpot,21295,650,0.000358616,1
zestvk,358,5,0.000358616,1
JD_Lovatt,347,1,0.000358616,1
Cxmpxctz,38,0,0.000358616,1
tangibleboredom,103,0,0.000358616,1
asthatofatiger,216,0,0.000358616,1
adventure_rules,473,11,0.000358616,1
kyle_bearr,111,3,0.000358616,1
sunbronation,3048,4,0.000358616,1
Chi_flag,426,3,0.000358616,1
dafnext,2941,108,0.000358616,1
Aremok_,112,18,0.000358616,1
LordSMAF,99,4,0.000358616,1
Pierolym,114,1,0.000358616,1
CabriDIY,2766,17,0.000179308,1
HBShanks16,901,2,0.000179308,1
CloudPractitio1,5451,9,0.000179308,1
gunnm_alita,136,0,0.000358616,1
owlisaurus,228,2,0.000358616,1
AuthorAtkinson,39,0,0.000358616,1
NerdySteve007,549,10,0.000179308,1
SonicAmy4ever10,14,0,0.000358616,1
juanpgarciac,1818,37,0.000358616,1
pokelawls,156776,200,0.000179308,1
MediaMarktGames,316026,251,0.000179308,1
dranocross,138,7,0.000358616,1
voidcrittermon,326,3,0.000358616,1
NickotineSG,318,4,0.000358616,1
AverageMarsha,612,0,0.000358616,1
GrandSteven_,247,3,0.000358616,1
surgingtempest,120,0,0.000358616,1
SalvatoreZomba,8624,37,0.000358616,1
warriorofbirth,590,1,0.000358616,1
themeredith,44906,116,0.000179308,1
IndigoLunaA,43,0,0.000358616,1
faeoftheMoon,5,0,0.000358616,1
essemkato,220,2,0.000358616,1
dadi_ramos2,96,0,0.000358616,1
EnriiqueM_,1935,4,0.000179308,1
Ciserio,854,2,0.000358616,1
TingleIsMyHero,87,2,0.000358616,1
young_thuggha,458,7,0.000358616,1
itsAvient,1345,13,0.000358616,1
hxgrrl,100,3,0.000358616,1
Tostaditita,76,0,0.000358616,1
vahuxo94,264,0,0.000537924,1
JeffGrubb,84968,824,0.000179308,1
AkaboogaloBoss,8,0,0.000358616,1
sam_hates_music,140,0,0.000358616,1
Bi_trash_king,38,0,0.000358616,1
Ulysse_Dupau,75,0,0.000179308,1
omarknowsall12,91,2,0.000358616,1
ChoctopusYT,28584,44,0.000179308,1
leZekenator,56,1,0.000358616,1
BasilButSwag,98,2,0.000358616,1
SEOKPRNT,100,1,0.000358616,1
Mr_kiru_,74,0,0.000358616,1
ryo_aniya,35,1,0.000358616,1
EvilGouken,562,14,0.000358616,1
FFVIINovels,6286,188,0.000179308,1
RosyHaven,7198,74,0.000179308,1
bruno_cats,20444,131,0.000179308,1
annethehobbit,201,0,0.000537924,1
minikotm,847,15,0.000358616,1
staplerdude,119,0,0.000358616,1
smolmipha77,253,5,0.000358616,1
DomilleW,3617,57,0.000179308,1
TSamitier,821,3,0.000358616,1
PurplesnickNick,98,1,0.000358616,1
PKO88,48,1,0.000358616,1
shinymew58,3,1,0.000358616,1
shitazugawa,482,7,0.000358616,1
choosebatman,159,5,0.000358616,1
MDel80,5,0,0.000358616,1
Eclipse_Ocelot,611,1,0.000358616,1
OnekoTyago,1569,39,0.000358616,1
AmixuJoestar,1381,47,0.000179308,1
lisaaliseaa,1271,2,0.000358616,1
AidenRS139,13802,108,0.000179308,1
BlackMaskGR,123,0,0.000358616,1
CaptBurgerson,877,7,0.000358616,1
WAREAGLEGAMING,239,1,0.001075847,1
sisyphussage,326,0,0.000358616,1
_Greenix,583,15,0.000358616,1
isacaff_,1530,1,0.000179308,1
JadeDennisVO,550,16,0.000358616,1
jstanier,2649,103,0.000358616,1
chininiris,312,6,0.000358616,1
Uraway_Maker,632,1,0.000358616,1
gachugocho,49,1,0.000358616,1
BrendanBlaber,39395,73,0.000179308,1
TheOneAzrai,13083,41,0.000179308,1
GeneticsGSA,26138,419,0.000179308,1
SmallSparkz,98,10,0.000358616,1
Jazio__,362,14,0.000358616,1
teh_sherms,162,6,0.000358616,1
RetroGamingDev,6245,98,0.000358616,1
bigrigerson,28,0,0.000358616,1
ngpaprika,3855,14,0.000179308,1
bencroftgaming,475,5,0.000179308,1
Vitooo0r,156,0,0.000358616,1
jennEHbeee,1188,19,0.000179308,1
FazArthur2,265,1,0.000358616,1
wlassalle,12623,710,0.000358616,1
CosmicComfort,310,2,0.000358616,1
jason___michael,45,0,0.000358616,1
libreros,57970,2119,0.000179308,1
RyanMot95904688,15,0,0.000358616,1
JuanakinJMS,800,45,0.000179308,1
titania_tifa,250,2,0.000358616,1
snboab,835,6,0.000358616,1
championxegg,315,3,0.000179308,1
SpookyRayne,126,1,0.000358616,1
Skywalker1750,295,3,0.000358616,1
J0hnJohnJ0hn,155,2,0.000358616,1
zeephspell,583,4,0.000358616,1
gravitydusty,65624,517,0.000358616,1
HxhSao,10975,83,0.000179308,1
_Tetricide,207,9,0.000358616,1
baeksondo,108,1,0.000179308,1
ItMeRobin,379,6,0.000358616,1
LiLMoFunky,60,0,0.000358616,1
TrunksVT,137,3,0.000358616,1
mitsukileaks,9344,4,0.000179308,1
photoedfade,265,6,0.000358616,1
scoupinho,1282,19,0.000358616,1
almanalfaruq,521,0,0.000179308,1
fIoatislands,1146,13,0.000537924,1
Papaboubadiopp,167,0,0.000179308,1
YukiGoomba,1968,12,0.000358616,1
Lyyndesigner,633,1,0.000179308,1
ZeldaCuriosityS,7,0,0.000358616,1
_Ryanmiller70,96,2,0.000358616,1
playcritically,984,57,0.000358616,1
anorakdovahkiin,63,1,0.000358616,1
_rikisan,942,0,0.000358616,1
lunamignis1,0,0,0.000358616,1
NekobaAudio,58,0,0.000358616,1
BrianMcInnis87,267,6,0.000358616,1
TuFavEAndalu,7352,8,0.000358616,1
Giorno05414833,2,0,0.000179308,1
shmoooshyy,122,2,0.000358616,1
LtHeadtrip,1180,13,0.000358616,1
Sorckoty,157,2,0.000358616,1
RedNoiRGames,155,0,0.000358616,1
aaalmubark,123,4,0.000358616,1
CodePika,245,13,0.000358616,1
wooordwooord925,81,0,0.000358616,1
OrianCD808,42,2,0.000179308,1
ShimDewdrop,32,1,0.000358616,1
bafo_selvagem,620,7,0.000358616,1
SleepyEyeJaymes,238,1,0.000358616,1
LaNio483,1877,42,0.000358616,1
jadeauber,20,0,0.000358616,1
R0ckStarStephen,377,3,0.000358616,1
PixelSSB,576,4,0.000179308,1
feeheelee,252,4,0.000358616,1
SSJSpeedRacer,833,9,0.000179308,1
FrabjousBat,57,0,0.000358616,1
Spencer__W__,592,17,0.000358616,1
nsane99,847,15,0.000358616,1
spiderqu33n,41,0,0.000358616,1
LaraMoraes8,482,0,0.000358616,1
TwitchStreamSUP,13022,49,0.000179308,1
Dakotalogy,160,2,0.000358616,1
Maruisalone,255,1,0.000358616,1
Thunderblunder7,27445,19,0.000358616,1
animalsanth,305,1,0.000358616,1
richteajenny,160,4,0.000179308,1
XelaRemag,1381,33,0.000537924,1
josh_almighty97,264,6,0.000358616,1
RoseEchoes,210,58,0.000358616,1
inclusivebraydn,323,0,0.000358616,1
utaflair,30,1,0.000358616,1
showbotics101,236,0,0.000179308,1
SwiftShotTV,1300,30,0.000537924,1
GeekSenshi,25,0,0.000358616,1
zel640,2779,10,0.000179308,1
SMXshow,613,9,0.000358616,1
MastaJoker,80,4,0.000358616,1
Freddie__Bond,7509,24,0.000358616,1
minorstarbear,12,0,0.000358616,1
subjectwaffles,144,2,0.000358616,1
FionnTheBrave,672,9,0.000358616,1
naydras,281,10,0.000358616,1
LurkerCaro,18,0,0.000358616,1
_Sharingay_,135,1,0.000358616,1
octopus_person,205,2,0.000358616,1
xPandorya,406403,326,0.000179308,1
TheDamagedKey,189,0,0.000358616,1
domodeeb,683,4,0.000358616,1
larriekong,3800,6,0.000358616,1
orusmagic,579,15,0.000358616,1
LetItMelo,12859,94,0.000358616,1
Chaptr_two,24,0,0.000358616,1
hyperbolu,512,8,0.000358616,1
ArtistsNsfw,24180,73,0.000179308,1
novascrawlers,43,0,0.000358616,1
tuvecinaAK,1832,13,0.000179308,1
Wismichu,2732732,1071,0.000179308,1
ch0colope,1086,4,0.000358616,1
tombraider,267699,1303,0.000179308,1
TAFKAB2,920,1,0.000179308,1
djmajic_,1207,5,0.000358616,1
solvdrage,294,2,0.000358616,1
lunaclunatic,1704,7,0.000179308,1
ArcOfAtlas,239,1,0.000358616,1
retrogaminggeek,26193,252,0.000179308,1
inesvisual,1152,17,0.000179308,1
bahnloopi,7638,37,0.000179308,1
isaiah_bb,27023,119,0.000179308,1
NikLinenberger,348,6,0.000358616,1
redtutel,32,1,0.000358616,1
PizzaKillerr,68,4,0.000358616,1
Clippers89,1441,28,0.000358616,1
spacebruce,852,14,0.000358616,1
Wario64,1129750,5085,0.000179308,1
oLoFizinho,460,2,0.000358616,1
TheNintendata,1267,0,0.000358616,1
JYoshimon,57,1,0.000358616,1
crimsongcat,230,5,0.000358616,1
NoctrnlValkyrie,906,6,0.000179308,1
TSS_Pure,541,11,0.000358616,1
lexilia_luthor,899,19,0.000179308,1
RevLevel,216,14,0.000358616,1
WaceHoudeyfa,10,0,0.000358616,1
ConejaYGatitas,275,4,0.000358616,1
ChrisKatsurada,322,4,0.000717231,1
hal451gaming,164,0,0.000358616,1
crockett_z,7825,27,0.000358616,1
bloodykittycat,129,0,0.000358616,1
livingcardsmtg,5997,54,0.000358616,1
RoiPiou,82,0,0.000358616,1
junie_bunny,431,7,0.000179308,1
jaymarvel,171849,702,0.000358616,1
keylime_guy,43,0,0.000358616,1
SomeCallMePlaya,23,2,0.000358616,1
BobbyMarsouin,29,1,0.000358616,1
R33tr00,176,10,0.000358616,1
OKjadZ,572,0,0.000179308,1
BeccaNewsome,375,13,0.000358616,1
emimaryjane,324,5,0.000358616,1
dyke4milfs,240,9,0.000358616,1
jj_mason,1367,21,0.000179308,1
Jeremy_GoneWild,919,5,0.000358616,1
graburcrucifix,0,0,0.000179308,1
Butters_X,1045,3,0.000179308,1
BrandonLive,3001,209,0.000358616,1
albaether,170,1,0.000358616,1
bookofkoridai,1727,82,0.000358616,1
bojoux,242,1,0.000358616,1
PlayStationDE,302369,705,0.000179308,1
RChapple18,2043,50,0.000179308,1
stardustpossum,2043,39,0.000358616,1
BryanCevall,164,3,0.000179308,1
DJtrix_YT,21,0,0.000358616,1
KhymerVulture,196,1,0.000358616,1
koishi____,650,12,0.000358616,1
NegzBucket,29,0,0.000179308,1
TyrantVicky,1031,16,0.000358616,1
KomomeLoden,233,3,0.000358616,1
SoupMarUltrabot,27,1,0.000358616,1
vtube_shiki,406,7,0.000358616,1
alvarodc99,804,5,0.000358616,1
curiouscorvids,32,0,0.000358616,1
born_unicorn,1432,8,0.000179308,1
bennett_oakes,13,0,0.000358616,1
oliviaafrancesc,895,13,0.000358616,1
GamesWithFife,203,2,0.000358616,1
nathanl75,835,56,0.000717231,1
samisverycowboy,60,0,0.000179308,1
ykcopdeirfpeed,7,0,0.000358616,1
TheMisterKyle,215,2,0.000358616,1
PizzaOmNom,1483,11,0.000179308,1
alfallel,46,1,0.000358616,1
gruletheempty,338,7,0.000358616,1
ringra15,549,15,0.000358616,1
Naitor_5,2027,22,0.000358616,1
KotonohaAkane,70,2,0.000358616,1
austinroy2497,48,1,0.000358616,1
AnxietyMonster1,421,8,0.000358616,1
Becker_Writer,3247,15,0.000179308,1
LordKai1102,105,2,0.000358616,1
TwitchUKI,82709,100,0.000179308,1
Zebra_GER,486,4,0.000179308,1
tori_jeanne97,149,1,0.000358616,1
whatisalt236,54047,173,0.000179308,1
DarkYapper,329,2,0.000358616,1
RossRickson,291,5,0.000179308,1
RubsterTbh,61,0,0.000358616,1
_BreeCries,540,3,0.000358616,1
shardofkingdoms,87,0,0.000358616,1
zelda_style,481,6,0.000179308,1
WorldofCordeDnD,3072,17,0.000358616,1
StixilFox,22609,114,0.000179308,1
wonkautistic,77,0,0.000358616,1
Pinkertonnnn,998,2,0.000179308,1
SAD_COMET,656,8,0.000179308,1
DQ_lan,19,0,0.000358616,1
Majora_XB,43,1,0.000358616,1
Chacha_128,218,0,0.000358616,1
ruztedz,4,1,0.000179308,1
EffInvictus,1144,7,0.000179308,1
pastafrutti,4747,22,0.000179308,1
ShitpostRandom,96272,112,0.000179308,1
Mariogirl17,1096,25,0.000179308,1
splatkelly,2630,27,0.000179308,1
RybieMagoo,358,7,0.000358616,1
pine_the_apple,30,0,0.000537924,1
m__celka,132,0,0.000179308,1
Papii_OwO,6195,68,0.000179308,1
BSdumbjokes,8929,17,0.000358616,1
ratgaminglpd,50,0,0.000358616,1
Wacrin_would_be,96,1,0.000358616,1
j_nerdy_,1564,37,0.000358616,1
Blazikenpwnsyou,208,5,0.000358616,1
Lylisan1,283,0,0.000358616,1
ebveebv,539,3,0.000358616,1
dnpcoolpatrol,201,4,0.000358616,1
ShiriEWolf,84,2,0.000358616,1
k1ng_mang0,1359,28,0.000179308,1
icy_orangejuice,158,19,0.000358616,1
KojiKojiMoheji,4148,67,0.000358616,1
Ramen182,50,1,0.000358616,1
ScroogeDWS,848,2,0.000358616,1
paisleypuddles,325,26,0.000358616,1
game4check,263,1,0.000358616,1
xjoyfs,335,0,0.000179308,1
chifadegato,461,2,0.000179308,1
apolluci,146,5,0.000358616,1
Kinvestigadxss,3,0,0.000179308,1
lucas_pasion,207,2,0.000358616,1
ENHYPEN_members,7582425,27207,0.000179308,1
Stray_sheeps_,8,0,0.000358616,1
pinkiebethplus3,475,4,0.000358616,1
avani90s,7323,34,0.000358616,1
SilverTotem94,131,0,0.000179308,1
K4_ElDon,257,6,0.000537924,1
KoopusK,32,1,0.000358616,1
Paintzeebrush,283,5,0.000358616,1
TheScottSpot,398,9,0.000179308,1
bbbalirs,3,0,0.000358616,1
LunaEclypse,418,9,0.000537924,1
zelda,1708,14,0.000179308,1
codie_sys,734,40,0.000358616,1
JoypadLadShop,1103,3,0.000358616,1
bnwkr,88701,170,0.000179308,1
DukeSlothTV,12329,23,0.000179308,1
katskindahere,775,38,0.000358616,1
ivyslights,7637,150,0.000179308,1
WingKingTzar,251,2,0.000717231,1
Kohls,786883,1909,0.000179308,1
oilypearls,312,5,0.000358616,1
Teclis999,873,7,0.000179308,1
stupidgaynagito,81,2,0.000358616,1
Gryphonstar5678,1805,26,0.000358616,1
dandantsunkun,250,8,0.000358616,1
casteroflight,7,0,0.000358616,1
frgnbrs,354,2,0.000358616,1
SatiroJoJofag,1358,12,0.000179308,1
MetalGlennSolid,302,4,0.000358616,1
Artakaashi_,479,23,0.000358616,1
thekambler,339,0,0.000358616,1
hackbarth,496,22,0.000179308,1
stormsbourne,86,0,0.000358616,1
PwnProblems,1655,11,0.000179308,1
dr_hinfectos,355,2,0.000537924,1
TyaStar87,29,1,0.000358616,1
TinaBlackMage,52,1,0.000358616,1
djjoycie,297,11,0.000358616,1
PlainOleTrey,646,3,0.000179308,1
Shad_JV,77,1,0.000537924,1
AutoGiraffe,37910,0,0.000179308,1
Smasher390,2,0,0.000179308,1
MikeRohSoft_,232,5,0.002151694,1
zeldapistola,759,8,0.000358616,1
KingAlakazam,1637,20,0.000179308,1
Streakzdunit,908,2,0.000179308,1
ThisIsITalk,255287,479,0.000179308,1
GTotore,162,20,0.000179308,1
ProspectRose,1793,15,0.000179308,1
orangerful,484,47,0.000358616,1
hayleythehylian,387,4,0.000358616,1
David_RMadrid8,4298,19,0.000179308,1
skrunk_mcdoogle,622,11,0.000358616,1
pencil_at,1385,11,0.000179308,1
MissMuntze,212,4,0.000179308,1
Neriogoon,1340,9,0.000179308,1
jycompany_,3906,11,0.000179308,1
BrettWils,103,2,0.000358616,1
Broatmeal_,139,2,0.000358616,1
Devvcario,3321,23,0.000358616,1
3DAllStarsFan,89,5,0.000358616,1
_kev_dev,18,0,0.000358616,1
ANeckie,37,0,0.000179308,1
viniciussalvati,361,26,0.000358616,1
SpideyRTs,6247,51,0.000179308,1
CaptainProph3t,1273,35,0.000358616,1
Ethanhamm,2443,158,0.000358616,1
Huateque1,10,0,0.000358616,1
MimiIeaks,394,12,0.000358616,1
SeanWolfPhillip,589,31,0.000358616,1
prblmboy,292,1,0.000358616,1
KyleThePug,1192,15,0.000358616,1
mikesean45,72,2,0.000358616,1
sheepygal,46,0,0.000358616,1
CallMeKelliope,307,5,0.000179308,1
FSAPOJake,565,0,0.000179308,1
Mcintosh0220,36,0,0.000358616,1
DilEamma,39,3,0.000358616,1
Myneko_,1565,25,0.000358616,1
JustLautjee,1461,21,0.000358616,1
SeanMccarron46,98,3,0.000358616,1
EvilUno,116471,571,0.000179308,1
_arothlisberger,2661,8,0.000179308,1
MatthewHVoss,768,14,0.000179308,1
catarinaaaxx,36,0,0.000179308,1
officedepotrat,222,5,0.000358616,1
azlef123,191,2,0.000358616,1
Tragnor46,66,1,0.000358616,1
sla_shalafi,1341,95,0.000358616,1
SarahCorreiaaa,164,0,0.000358616,1
Av3r4ge_J0E,110,1,0.000358616,1
bandaid_banditz,50,0,0.000358616,1
The_Worthy_1,28,0,0.000358616,1
yanagi_willow,289,6,0.000358616,1
Fidoz,594,15,0.000358616,1
Annika66Smith,221,2,0.000358616,1
arg0thegreat,141,2,0.000358616,1
Addy_158,128,5,0.000358616,1
GradyTTV,1063,6,0.000358616,1
ErrrrrrrrCRASH,262,2,0.000358616,1
Juan_ATellado,106,1,0.000358616,1
RollTheTice,285,0,0.000358616,1
Cracowicz,93,5,0.000358616,1
uwu_life_,209,3,0.000179308,1
DanielJFerguson,5648,23,0.000358616,1
Full_Sauce,18120,18,0.000358616,1
FlyingLandLeech,228,5,0.000358616,1
O5__kku,77,0,0.000358616,1
ThatYungLad,558,3,0.000358616,1
Hinyane0806,423,0,0.000358616,1
StellaeFons,185,0,0.000358616,1
rakunx1,1,0,0.000179308,1
Shka_Bob,110,2,0.000179308,1
Monsieur_Chaton,24,1,0.000179308,1
_atariatlas,224,20,0.000358616,1
deon_lt,24,0,0.000537924,1
myworld2121,144032,680,0.000179308,1
Brrrambles,2,0,0.000358616,1
crpandemonium,141136,865,0.000179308,1
J_Doobs,312,12,0.000358616,1
ACEepicc,273,7,0.000179308,1
razzle1337,11352,80,0.000179308,1
DaisukiKoshiko,1237,22,0.000358616,1
coulombe,433,22,0.000358616,1
ryugayzaki,181,4,0.000179308,1
_meredi_,39,1,0.000179308,1
OshMonnawesfv,60,0,0.000358616,1
RowleyDoe,535,8,0.000179308,1
Mechazawa,11481,43,0.000358616,1
AlexFromTumblr,191,0,0.000537924,1
silver_zelda,408,0,0.000179308,1
HintandTea,441,8,0.000358616,1
MatthewViner,118,0,0.000358616,1
Chito__Del,566,1,0.000358616,1
SecondPlayerNet,960,10,0.000358616,1
lujuaversion2,72,0,0.000179308,1
KarmaKitsuneDoc,985,4,0.000358616,1
Ubisoft,8894962,15761,0.000179308,1
TheOgEVG,51,2,0.000358616,1
fppf_gf,2710,21,0.000358616,1
therealboone,224,23,0.000358616,1
SandrineSmiles,610,4,0.000358616,1
SmallStreamersC,102316,190,0.000179308,1
Kippi00,478,7,0.000358616,1
Umekoscreations,279,3,0.000179308,1
kristalitten,26,0,0.000358616,1
LoafnLady,148,1,0.000358616,1
Cedrik1699,5633,191,0.000179308,1
mochyneko,17,0,0.000179308,1
DroidSaysOpe,140,2,0.000358616,1
FixelDev,1589,21,0.000179308,1
LiliTheGamer,2431,13,0.000179308,1
BTNL_Law_Firm,140,0,0.000358616,1
TheSoreIka,861,4,0.000358616,1
cTheRhythm,118,1,0.000358616,1
Maplefoxy,151,3,0.000358616,1
hyrulelinks,474,3,0.000358616,1
YULVSTHEWORLD,223,4,0.000179308,1
pariah164,295,5,0.000358616,1
Terrako4Smash,282,2,0.000179308,1
Metanolx,1191,4,0.000179308,1
AstroTJP,56,0,0.000358616,1
Absnerdity,803,34,0.000179308,1
ais_SevenFisher,413,7,0.000358616,1
Rymskaaa,1512,24,0.000358616,1
PracticalSilver,488,2,0.000358616,1
Lordess_Colress,47,0,0.000358616,1
CaioDan,14234,43,0.000358616,1
Best_Juliet,277,9,0.000179308,1
SupaSaiyanJacob,271,4,0.000358616,1
RetroGifMonster,7668,117,0.000179308,1
JJisAMarxist,11678,43,0.000358616,1
starryhvntos,109,1,0.000358616,1
__eluvian,326,1,0.000358616,1
Netambulo,4729,466,0.000358616,1
Raikiri_Scythe,425,4,0.000358616,1
CarlsMcMarls,249,0,0.000358616,1
Komiburne,261,3,0.000358616,1
molegolm,40,0,0.000358616,1
ROCCAT,249538,493,0.000179308,1
AnkhangelDragon,16,0,0.000358616,1
thecowboyhatcat,132,3,0.000358616,1
marginoferror,775,62,0.000358616,1
MerlinTheFox,144,0,0.000358616,1
mrgregshields,1683,8,0.000358616,1
PencilPaperProd,380,8,0.000358616,1
SupergiantGames,343011,2100,0.000179308,1
Melanie_J_R,136,8,0.000358616,1
Fl3b0,115,2,0.000179308,1
Madalaski,220,7,0.000358616,1
CarlosRo86,76,5,0.000358616,1
infinite_lewis,46,0,0.000358616,1
Yakal83,1732,11,0.000358616,1
rotciVArt,1464,16,0.000358616,1
hunitstackz,12496,0,0.000358616,1
tavsxx,1233,4,0.000179308,1
bmanpictures,36,0,0.000358616,1
StephieSparda,1751,20,0.000358616,1
In_the_Console2,455,7,0.000358616,1
Tony_Inhumano,121,0,0.000179308,1
TheDimensioners,79,0,0.000358616,1
cryowinds,237,7,0.000358616,1
XenoAwesomeGame,297,5,0.000358616,1
sgomxznasty,3021,63,0.000179308,1
nepoulas,108,0,0.000179308,1
Prof_NoFace,166,0,0.000358616,1
mikeyface,59382,682,0.000179308,1
NhJoou,61,0,0.000179308,1
lilyphillip_s,82264,172,0.000179308,1
poyo64_,340,9,0.000358616,1
masteroftime17,53,0,0.000537924,1
SushiLang,124,4,0.000358616,1
CATticus_Finchy,236,0,0.000358616,1
FAIRYFOUNTAlN,260,14,0.000358616,1
CoronerFurm,194,5,0.000358616,1
JLap64,6382,52,0.000179308,1
_DubzyWubzy_,485,12,0.000358616,1
LinkOLumerClips,1,0,0.000358616,1
CloneRex93,188,2,0.000358616,1
A_i,89970,610,0.000179308,1
GateThief,63,4,0.000358616,1
jennebravo,48,0,0.000179308,1
dietcoke111_,55,0,0.000358616,1
gaygoroakechi,1263,43,0.000179308,1
n0_f0x,47,0,0.000358616,1
Otachi13,3247,45,0.000179308,1
MadDogsNovelty,11,0,0.000358616,1
Fleetingsanity8,287,2,0.000358616,1
DeMileyCyrus_,33,0,0.000358616,1
ossosdecimento,147,0,0.000358616,1
ItsRogueRen,382,0,0.000358616,1
HeartMachineZ,38474,491,0.000179308,1
RafArboleda81,107,0,0.000179308,1
_Bulph,4472,14,0.000179308,1
MichaelPastz,655,4,0.000358616,1
IllanesBoy,276,0,0.000358616,1
PlanetRunsGames,616,7,0.000358616,1
jackswithasmile,356,0,0.000358616,1
NotEcons,25,0,0.000358616,1
butterybunsSSB,54,0,0.000358616,1
garbagebby,260,0,0.000179308,1
Mysterion97,125,1,0.000179308,1
firedawg1984,21960,80,0.000717231,1
twiss,905,28,0.000358616,1
kyogreswimming,168,2,0.000358616,1
soIaceur,3379,25,0.000358616,1
krazyslotz,587,12,0.000358616,1
kiomarue,19,0,0.000358616,1
Bambeatz,334,9,0.001793079,1
Bishop_D_Demps,257,20,0.000358616,1
DepravedSlasher,1136,3,0.000358616,1
MariDaDon21,106,1,0.000358616,1
Enlz3,524,0,0.000179308,1
pastamous,12385,54,0.000358616,1
Huawei,8279974,4230,0.000179308,1
Masterpaladin2,9,0,0.000358616,1
hanbyeolVT,3693,51,0.000358616,1
AnKanis4,246,8,0.000358616,1
manupalmer,10756,56,0.000358616,1
YoItsSeph,103,2,0.000358616,1
Pinguinador,444,7,0.000179308,1
JaimeVeol,246,1,0.000358616,1
Kaidx36,385,2,0.000358616,1
thecokecola,142,3,0.000358616,1
TheJadedDragon,27,1,0.000358616,1
fjporcel,53,2,0.000358616,1
Tigerton_,487,2,0.000358616,1
Papa_Chien,1975,46,0.000358616,1
JennyENicholson,256923,503,0.000179308,1
K_jedot,10,0,0.000358616,1
heathdwilliams,4928,65,0.000358616,1
NZXT_de,30799,6,0.000179308,1
Sergi_ND,25975,24,0.000179308,1
Bentaro_,774,15,0.000179308,1
missmoonmemento,384,28,0.000358616,1
Spaisenman,325,2,0.000358616,1
CantiUnplugged,242,1,0.000358616,1
TheRealRich5,263,1,0.000358616,1
celcha_,383,1,0.000358616,1
Tesla,13723822,19773,0.000179308,1
UnworthySeraph,562,6,0.000179308,1
darrinwright,963,21,0.000358616,1
crevicejelly,7,0,0.000358616,1
lunchbox_82,3923,21,0.000358616,1
mw_draws,89,0,0.000358616,1
characterselect,110,1,0.000358616,1
gustavopetro,18536,120,0.000179308,1
cosmic__latte__,46,1,0.000358616,1
GeekGoban,62,3,0.000358616,1
raidonbungeling,2003,16,0.000358616,1
aammmi6,125,0,0.000358616,1
nicky_gayming,96,0,0.000179308,1
Feanyx,793,13,0.000358616,1
smolgoatfish,241,5,0.000358616,1
Noodle_nevarez,564,28,0.000358616,1
TheFlarec,246,0,0.000358616,1
JoseRore,156,4,0.000179308,1
DnD_Lich,6873,57,0.000179308,1
wildheartfandom,322,1,0.000358616,1
scarletpwillow,229,1,0.000717231,1
SibghaRather,57,0,0.000179308,1
satchmosax,252,1,0.000179308,1
AllenWoods227,58,0,0.000358616,1
magikmax,147,2,0.000358616,1
aquaspells,72,2,0.000358616,1
Modular_Squared,2697,45,0.000179308,1
MarioH92,1726,8,0.000179308,1
ayu_3_hosi,247,3,0.000358616,1
Koymaro,69,0,0.000358616,1
TheHitchhyker,75,1,0.000358616,1
AboutNintendo,13193,33,0.000179308,1
CatClickerGame,1686,2,0.000358616,1
vonnechance,64,6,0.000358616,1
SirGull,407,4,0.000358616,1
taterthot42069,749,4,0.000717231,1
szczurkryz,632,16,0.000358616,1
MintyYuu,73,1,0.000358616,1
TateEddy_,2057,0,0.000358616,1
ericarrache,16819,164,0.000179308,1
LucasArraz,3458,21,0.000179308,1
Drazerii,737,6,0.000358616,1
fernaUdaa,125,1,0.000358616,1
CallMeBiscuit25,136,4,0.000358616,1
purpl_Samurai,597,8,0.000537924,1
cholington,147,1,0.000358616,1
TylerGames14,81,1,0.000358616,1
Dicerolltv,29609,26,0.000179308,1
TessaRGxx,901,5,0.000358616,1
pkbecker,95,0,0.000358616,1
skelepuzzle,55,0,0.000358616,1
Alejandromp66,3348,13,0.000179308,1
TheHiddenBoss,256,2,0.000358616,1
MeTouki,83,2,0.000358616,1
VObservadora,24879,12,0.000179308,1
gabyyviitoria,613,15,0.000358616,1
Marko00808740,87,1,0.000358616,1
neudman,978,54,0.000358616,1
Clau_G06,474,3,0.000179308,1
Caesys_,6,0,0.000358616,1
DevilCronos,336,7,0.000179308,1
B_Rank_Bun,133,3,0.000179308,1
drip133,27015,42,0.000179308,1
Kohen213,2,0,0.000537924,1
DizDotTV,7339,67,0.000179308,1
TaiHyuga,54,2,0.000179308,1
WallE132,2730,25,0.000717231,1
charmedneedle,697,14,0.000179308,1
LeoDiCaprio,19584558,34356,0.000179308,1
VictorMoisan,739,22,0.000358616,1
Correfoc_,163,3,0.000358616,1
JackAle09586128,0,0,0.000358616,1
babbe0,1818,25,0.000179308,1
vithorjon,233,0,0.000179308,1
JasonPaulPark,624,13,0.000358616,1
Eaglesadvocate,229,15,0.000358616,1
Game_Realms,2190,30,0.000358616,1
wormcollegebot,2038,3,0.000358616,1
ClickGate_,1089,5,0.000179308,1
junostump,792,8,0.000537924,1
yoitsburst,0,0,0.000179308,1
TrillNye69,750,0,0.000358616,1
menezes_onilda,8133,4,0.000179308,1
Blue_Anteater,341,44,0.000717231,1
JamesInspirical,1580,19,0.000179308,1
PappaHutten,7303,38,0.000179308,1
LittleBirdieO,1261,12,0.000358616,1
NightwingRg25,76,0,0.000358616,1
Chaotixhero,135,1,0.000358616,1
racheljamesnyc,60,3,0.000358616,1
99Vidas,36969,226,0.000179308,1
longie_long,16309,155,0.000179308,1
cooltshirtmaker,23,5,0.000358616,1
inFamousAdam_10,178,5,0.000358616,1
Shinjilkari,1921,40,0.000358616,1
Aniram_Lynx,58,1,0.000358616,1
Grachtnakk,307,0,0.000179308,1
c4chol,1149,4,0.000358616,1
SteinbrinkLaura,16005,155,0.002331002,1
RobertWSmart1,16,0,0.000358616,1
jonasonic456,1610,26,0.000537924,1
stewie55uk,17867,107,0.000179308,1
benevolentMelon,130,3,0.000358616,1
redxcranberry,366,1,0.000358616,1
BastilleMum,447,7,0.000358616,1
PatrikBatAAr,75386,200,0.000358616,1
LuisMThen,2552,87,0.000358616,1
RobotTramp,45,0,0.000358616,1
aftermatthaus,2505,4,0.000358616,1
Lockebln2,595,0,0.000896539,1
SuperNerdDaniel,1853,42,0.000358616,1
VenomousDrake,1241,36,0.000179308,1
scorloknight,200,3,0.000358616,1
wrenasaurus,0,0,0.000179308,1
ProfPancakes64,100,0,0.000358616,1
Ninja_Dans_FH,174,7,0.000358616,1
realmadridrey13,538,2,0.000179308,1
FireWildcat,536,8,0.000179308,1
TandwarGaming,64,2,0.000358616,1
JiggySpriggy,396,2,0.000358616,1
_carlosfilho,291,2,0.000358616,1
TonGilli,100,0,0.000179308,1
THDesignCo,1864,0,0.000358616,1
SmashTeamGames,12,0,0.000358616,1
shindeiru_u,276,4,0.000179308,1
JustinKBrownVO,114,1,0.000358616,1
GamacyProject,146,4,0.000358616,1
murphysboredom,2601,53,0.000358616,1
Kuhroken,266,3,0.000358616,1
alsagone,2693,223,0.000179308,1
YottsTwitch,118,1,0.000179308,1
Pctove,29,2,0.000358616,1
nateonheight,239,4,0.000358616,1
Swerto,167,3,0.000358616,1
Paveltorresart,242,7,0.000358616,1
AtTilla1999,38,2,0.000358616,1
chrisryden,3689,3,0.000179308,1
zervx17,78,2,0.000358616,1
MusicCrustacean,71,0,0.000179308,1
DarkLight_Bros,1133,46,0.000179308,1
_LauraOrt_,60,0,0.000179308,1
Lazzy70892008,393,1,0.000179308,1
DivineScholarrr,73,5,0.000358616,1
CursedShin,11,0,0.000179308,1
DulceMariaMski,210,2,0.000358616,1
RobinRegs,197,0,0.000358616,1
Tyranicus,5929,67,0.000358616,1
HardcoreOtter,116,3,0.000358616,1
GhostGotJuice,72,2,0.000358616,1
Fabamlazaro,198,1,0.000179308,1
gamingpotatette,517,1,0.000358616,1
BlackstarMBV,54,3,0.000358616,1
Nintendari_it,349,0,0.000358616,1
shannanlovemail,270,6,0.000358616,1
dededearly0,48,0,0.000358616,1
KHsNotebook,381,2,0.000358616,1
twowizardspodc1,57,0,0.000358616,1
FallenSnowS,1265,11,0.000179308,1
BaronTheThird,182,1,0.000179308,1
caim_enthusiast,142,2,0.000358616,1
LeVifWeekend,6553,293,0.000358616,1
SchmamTheKid,582,13,0.000358616,1
HLunaris,443,11,0.000358616,1
qu_miii,787,18,0.000358616,1
StarvedPt,33,2,0.000358616,1
HELCIOSILVA1,0,0,0.000179308,1
Gh0stVVolf,622,6,0.000358616,1
PowerGeist,99,2,0.000358616,1
JustTaylorr,373,0,0.000358616,1
WireDeals,17838,78,0.000358616,1
Distribucionyma,56621,446,0.000358616,1
soundspurrfect,373,0,0.000358616,1
EruditoZz,153,1,0.000358616,1
kotekoki,43,0,0.000179308,1
BagPlays,67,0,0.000358616,1
FartEatingHero,294,2,0.000358616,1
SACRAsCAVE,45,3,0.000358616,1
jaspro101,436,10,0.000179308,1
benlitzler,1127,21,0.000179308,1
NeverOnBrand,785,11,0.000358616,1
thekushikatsu,283,1,0.000358616,1
wahmphi,98,5,0.000358616,1
justa_simpleton,80,5,0.000358616,1
CreativeBloq,203309,4882,0.000358616,1
JmcG4m3r,157,0,0.000358616,1
sleepyysteph,197,3,0.000537924,1
GrillzVonSizzle,163,1,0.000537924,1
Dragonxflame323,102,1,0.000179308,1
TheGigaBite64,7,0,0.000358616,1
DelsinLockhart,721,24,0.000358616,1
HermeNateics,47,0,0.000358616,1
catsandghostss,87,0,0.000358616,1
Furrnandotorres,498,16,0.000358616,1
PedroSchiller,102,0,0.000358616,1
lypric,86,0,0.000358616,1
neemaldonado,39,0,0.000358616,1
gardeniaresilia,595,7,0.000358616,1
LeafyDae,2257,18,0.000358616,1
kyrio5,2999,9,0.000358616,1
Rob_EZ_LnP,339,4,0.000358616,1
FlareDarkStorm,184,5,0.000358616,1
tommylynka,304,3,0.000179308,1
babyleafsaladd,1166,12,0.000537924,1
DrewNatsu,51,1,0.000358616,1
ZYX_Updates,1415,0,0.000358616,1
Switchie147,109,0,0.000358616,1
Mythopoios,11,0,0.000179308,1
katielacluett,4,0,0.000358616,1
Badalssim,784,58,0.000358616,1
BaileyAmburgyVA,796,3,0.000358616,1
HEARTISBLAZING,503,11,0.000179308,1
Lewdsmoke,843,3,0.000358616,1
GoodGirlZelda,2490,1,0.000179308,1
RhetoricGamer,16,0,0.000358616,1
LooonaLou,4263,58,0.000179308,1
don_brodka,172,5,0.000358616,1
FunnyCryptic,455,8,0.000358616,1
stefariii,5822,71,0.000358616,1
HotlineSehwani,2052,6,0.000358616,1
Dinobal2,151,4,0.000358616,1
chibi_m,528,65,0.000358616,1
ThomClancy,2758,52,0.000358616,1
DevonBirdsong,363,14,0.000358616,1
NintendoNews,28600,226,0.000358616,1
pirannaplant,135,8,0.000358616,1
bangtanime,687,20,0.000358616,1
ogro_himself,1098,28,0.000537924,1
CarlosSadness,84767,332,0.000179308,1
in_rainb0ws_,73,0,0.000358616,1
Himbocialist,348,4,0.000358616,1
PapiReubs,1249,0,0.000358616,1
YorknewCity,142,2,0.000358616,1
_ZacLyon_,421,2,0.000179308,1
Creo_Emerson,338,5,0.000358616,1
telegraphtaps,68,0,0.000179308,1
StephenWNix,3104,43,0.000358616,1
GabrielNerdLand,74603,74,0.000179308,1
Bouunyy,303,0,0.000358616,1
KeyoPanda,817,10,0.000358616,1
DHeartsurgeon,2683,6,0.000358616,1
MARINESARALDI,33550,6,0.000179308,1
runninhillbilly,113,2,0.000358616,1
ks_chaos,8,0,0.000179308,1
chromer_exe,57,0,0.000358616,1
_Tweetman_,2232,31,0.000358616,1
MJenkins91,763,9,0.000358616,1
LucyOffStandBi,35,0,0.000358616,1
GWENSVERSE,1537,55,0.000358616,1
alphaclunk,53,4,0.000358616,1
ZeldaDachshund,1973,4,0.000179308,1
ValwithSparkles,203,0,0.000358616,1
GirlyWolfPup,3467,56,0.000358616,1
Maveric408,306,7,0.000358616,1
benjanun_s,4843,116,0.000179308,1
_educabrera,1368,28,0.000179308,1
BethHamptonArt,193,4,0.000358616,1
NesWorldRecords,449,0,0.000358616,1
HyruIe_Warrior,855,18,0.000358616,1
MediBee1,991,2,0.000358616,1
Zuijlen79,98,4,0.000358616,1
BigStickie,715,3,0.000358616,1
LevelZeroPod,221,2,0.000358616,1
OiiStephan,20,0,0.000179308,1
SmokingBaylight,240,0,0.000358616,1
RollingDani,615,2,0.000358616,1
tylikcat,920,15,0.000358616,1
_favlightskin_,607,1,0.000179308,1
GogoBillme,684,1,0.000358616,1
FuryImperia,359,3,0.000358616,1
Leamonde1,167,3,0.000179308,1
tgohl03,99,1,0.000358616,1
cj06069,143,0,0.000358616,1
YuskeVG,60,5,0.000179308,1
realraiden333,455,6,0.000358616,1
aamemuraa,51,1,0.000358616,1
mxpearl_,245,13,0.000358616,1
oddities_online,272,3,0.000358616,1
TedFriendlyGuy,1807,44,0.000358616,1
MALVICIOUSS,1609,14,0.000358616,1
linkfan1989,261,6,0.000358616,1
EApcz98,134,2,0.000358616,1
eGkatl,1250,0,0.000358616,1
Mute14_,87,0,0.000358616,1
aeprosperini,705,3,0.000358616,1
eustassvinsmoke,1851,8,0.000179308,1
_ByEddy,4295,12,0.000179308,1
alexjkane,10858,168,0.000358616,1
kochamxie_,180,0,0.000358616,1
SkyTom64,130,1,0.000358616,1
ElPixelPodcast,444,5,0.000179308,1
Div0ne,1288,3,0.000179308,1
royyalapulao,104,1,0.000358616,1
mncpixiscrmgrl,337,6,0.000179308,1
c40cities,112965,2756,0.000179308,1
ASingularYike,93,0,0.000358616,1
Dewott13,112,8,0.000358616,1
pimpimentalol,239294,97,0.000179308,1
user_0975,1699,13,0.000358616,1
komadorii_,211,1,0.000358616,1
_untuckedjersey,2091,47,0.000358616,1
mvtheos,32,1,0.000358616,1
Davofwar2,207,0,0.000358616,1
eiayay,419,2,0.000358616,1
kordeliiius,535,14,0.000358616,1
omgitsmonika,893,8,0.000358616,1
k_dove85,104,2,0.000358616,1
GoopyVivi,61,1,0.000358616,1
_Kitty_Gaming,12,0,0.000179308,1
hero_of_space,56,1,0.000358616,1
HylianHero98,1409,7,0.000358616,1
MariohazardX,1026,17,0.000179308,1
davvekat,160,4,0.000358616,1
PrismPak,128,1,0.000358616,1
davidizati0n,974,34,0.000358616,1
JakeDomo,73,2,0.000358616,1
tanisthelesbiab,4650,30,0.000179308,1
geekscanbecool,319,13,0.000358616,1
HomoPestilence,19,0,0.000358616,1
CarlosTrooper,125,0,0.000179308,1
AutobotzSmith,54,1,0.000179308,1
frankypierrot,221,3,0.000358616,1
WlCKEDTWlSTER,69,0,0.000358616,1
bolovodeovo,173,2,0.000179308,1
PushingButtonsD,198,3,0.000358616,1
MerchantofDucks,75,1,0.000358616,1
StarManZeri,53,0,0.000358616,1
Loralindemann,986,0,0.000179308,1
BlaineThePainTV,2987,18,0.000358616,1
8BitLootBox,56,1,0.000358616,1
tenhofimosekk,1377,0,0.000179308,1
vuzhmusic,1686,87,0.000358616,1
GermyOkeefe,638,2,0.000358616,1
DigitzTheHouse,35,1,0.000358616,1
ImMovic,241,1,0.000358616,1
RockMaMaAKI,864,371,0.000358616,1
Almansa91,390,9,0.000179308,1
Ariesbust,2178,32,0.000358616,1
ClaesAzure,59,0,0.000358616,1
juancaeulogio3,248,4,0.000358616,1
AudiOfficial,522204,2283,0.000179308,1
MTG_Arena,142693,827,0.000179308,1
RetroLade,172,2,0.000179308,1
peupenacho,251,1,0.000358616,1
slaybruhamlinkn,92,2,0.000358616,1
JuanDan73587313,86,7,0.000358616,1
InmaDiPi,4466,26,0.000179308,1
CosmicKenza,108,2,0.000358616,1
spk632,14,0,0.000358616,1
LadyJazzington,2469,20,0.000358616,1
TheHedgememe,520,13,0.000358616,1
UncleYuu,605,0,0.000179308,1
General_Music_,4113,34,0.000358616,1
ShadowFoxArche,586,4,0.000179308,1
cabecadeteiaaaa,23,0,0.000358616,1
cguanche,354,30,0.000358616,1
_DR0ID,2288,5,0.000358616,1
raphafromtwit,490,3,0.000358616,1
MikeMike123_,503,2,0.000179308,1
HarellieQuinn,97,0,0.000358616,1
XionYetora,12,0,0.000358616,1
TastelessOne,119,3,0.000358616,1
ShelOrangeHusky,862,5,0.000358616,1
elcanalrandom,11566,39,0.000179308,1
Molduga_,243,4,0.000358616,1
jakester428,160,1,0.000358616,1
ArtPrag,112,0,0.000358616,1
KingCladCrowe,2448,6,0.000179308,1
Man2165091022,335,0,0.000358616,1
SkeletonGummies,694,4,0.000537924,1
HuskyShadow1,563,1,0.000358616,1
proudanddefiant,69,3,0.000358616,1
SwordyMeeks,89,1,0.000179308,1
jbradymusic,1198,19,0.000358616,1
Aisokasfantasy,150,2,0.000358616,1
AcademyTwitch,1854,3,0.000179308,1
iliadmaeve,2239,3,0.000358616,1
PawInspector,111,1,0.000358616,1
Miku_Songs72,126,2,0.000358616,1
BTS_twt,44867092,121818,0.000179308,1
i2egulus,27,1,0.000358616,1
DavidWhyms,344,5,0.000179308,1
Brokken_Brokk,51,0,0.000179308,1
Aurelian_Wolf,149,0,0.000358616,1
JohnMcFeeIII,162,1,0.000358616,1
TennisPodcast,48223,799,0.000179308,1
GamerMomLuna,3319,35,0.000179308,1
ncsources,485,4,0.000358616,1
AverageDeku,233,2,0.000358616,1
heavenwvrd,758,18,0.000358616,1
alexalco_,342,2,0.000358616,1
Raven_RvX,230,7,0.000179308,1
baexsluv,420,5,0.000358616,1
FinalFantasy,505887,1745,0.000179308,1
Omega_Haunter,10075,50,0.000358616,1
SpamStreamer,2287,6,0.000179308,1
duchess_raine,32,1,0.000358616,1
JDenisTwitch,295,9,0.000179308,1
Syphith,39,2,0.000358616,1
DollipDaze,15336,39,0.000358616,1
mowseler,1728,27,0.000358616,1
Aus10x_,9,1,0.000358616,1
cakery66,25,0,0.000358616,1
Bachata_Mix,24,0,0.000358616,1
DannySchupfer,1,0,0.000179308,1
jelielsfreckle,142,2,0.000179308,1
JS20044,261,1,0.000179308,1
journojoycest,386,1,0.000358616,1
j_nechole,219,0,0.000358616,1
HostessMisaki,248,8,0.000358616,1
RonaAltana,1117,19,0.000358616,1
BlazinAlley,3681,19,0.000358616,1
Kesswylie,5568,45,0.000358616,1
mazestalker,126,0,0.000358616,1
Mimik_Ivysaur,441,8,0.000358616,1
AgentKiwi09,276,6,0.000358616,1
PKMNSW95,483,1,0.000358616,1
Maass_Fuerte,167,3,0.000358616,1
LuchinoPurrs,278,8,0.000358616,1
silent_paranoia,62,4,0.000358616,1
vixylafoen,44,0,0.000358616,1
mcmattagram,87,1,0.000358616,1
Zhane_Star,11436,39,0.000179308,1
SirisDerp,108,7,0.000358616,1
malas0994,72,0,0.000358616,1
BlueFire94,1740,109,0.000358616,1
tc7793,38,3,0.000358616,1
girlcrying_wolf,362,7,0.000358616,1
Th0rstenF,126,3,0.000358616,1
beanzie123,30,0,0.000358616,1
LiterallyNoodle,160,2,0.000358616,1
The_Rey_Rey,207,0,0.000358616,1
PinguimTarado,278,0,0.000179308,1
make_irish,2793,0,0.000358616,1
RealBomberDX,14,0,0.000358616,1
Jxnny2X,358,0,0.000179308,1
haruthesergal,246,2,0.000179308,1
RichOfTheBurns,106,11,0.000358616,1
dbk_zelda,218,1,0.000179308,1
barbabun,179,8,0.000358616,1
vaultgnf,3870,104,0.000358616,1
Drabbyy,377,1,0.000358616,1
boonbap,4089,7,0.000358616,1
lovato_gomezsz,1656,6,0.000358616,1
havocfoxgame,946,4,0.000179308,1
swagmite_,268,11,0.000358616,1
UltBamba,498,5,0.000358616,1
UFuckingMotherr,34,0,0.000358616,1
David_Jagneaux,6918,281,0.000358616,1
Toon612Link,433,7,0.000358616,1
giga_clown,31,0,0.000358616,1
SummerKiyohime,1119,26,0.000358616,1
MythicalAmoria,358,8,0.000358616,1
Finnd301,223,2,0.000179308,1
Tony_the_pimp,50,2,0.000179308,1
coxinhaDbacon,657,0,0.000179308,1
MerlfGames,173,0,0.000179308,1
Grizzled_Gaming,90,1,0.000358616,1
ukjyo,1252,16,0.000358616,1
garchompteeth,331,5,0.000358616,1
Trail_txt,215,6,0.000179308,1
Trist_Hugh23,792,2,0.000358616,1
TrevorTate2,133,1,0.000358616,1
markhamdh,161,1,0.000179308,1
MitchyD,58162,915,0.000179308,1
SWTheory69,259,7,0.000358616,1
yagolemon,722,2,0.000358616,1
prezrenato,131,4,0.000179308,1
HanSanwich7,425,18,0.000358616,1
chinclucker,22,0,0.000358616,1
BiGSPiLL_,785,5,0.000179308,1
SonicTheAccoun1,64,0,0.000358616,1
revalilover69,701,22,0.000358616,1
YourBustyBFF,4712,95,0.000358616,1
Faliz_again,49,4,0.000179308,1
TaraKaos,608,4,0.000358616,1
Ludiloco,497,2,0.000537924,1
TW1NSKELETONS,837,11,0.000358616,1
MatteoMerdok,4950,9,0.000358616,1
ladynoir,1763,37,0.000358616,1
SomeGuyNamedVee,293,3,0.000358616,1
Falcotuso,536,3,0.000179308,1
averyballsballs,256,1,0.000358616,1
zapakitul,2098,85,0.000179308,1
0XXPAPI,15051,167,0.000358616,1
ymiyeyoIII,11,0,0.000358616,1
Peanut_SSBU,16757,40,0.000358616,1
bobbitwyrm,31,0,0.000358616,1
RustyBurns54,207,3,0.000358616,1
Eizro,43,2,0.000179308,1
BrainDraind,1990,40,0.000179308,1
rodrilho,211,2,0.000179308,1
LucasFox6405,14,0,0.000358616,1
ShayMutant,136,5,0.000358616,1
MFZOOM12,279,5,0.000358616,1
OtakuGamer1412,22,4,0.000358616,1
Rekkuden,23,0,0.000358616,1
Williamoogle,2,0,0.000179308,1
pigdude,193,5,0.000179308,1
TheQueenFae,1131,41,0.000358616,1
Ryse____,89,1,0.000358616,1
PhantomAquarius,118,2,0.000358616,1
SKEHP_,316,2,0.000358616,1
schizoidgurl,30,1,0.000358616,1
TeamCherryGames,204089,632,0.000179308,1
fr0ggynb,226,0,0.000179308,1
LoveRetroBTW,4600,28,0.000179308,1
b_baran28,32,1,0.000179308,1
EricVBailey,15513,382,0.000179308,1
samthielman,18275,426,0.000179308,1
EclipticSolstic,392,27,0.000358616,1
SmashFlashDevs,12377,19,0.000179308,1
KikkaVO,2399,31,0.000358616,1
ZeldasNeighbor,23,0,0.000358616,1
trucia81,65,12,0.000358616,1
cat_lux_,1112,6,0.000179308,1
ChaosDragoness,538,0,0.000358616,1
nieldant,35,0,0.000358616,1
thedoddsquad,550,0,0.004662005,1
RandomDudeGamer,920,8,0.000358616,1
ArtisticRDawn,71,0,0.000358616,1
JDavisR11,48,0,0.000358616,1
mariajbianchim,356,0,0.000179308,1
juicefururu,252,0,0.000358616,1
superchewer,988,0,0.000179308,1
charmandead,731,3,0.000358616,1
DCLjasonx,4642,59,0.000358616,1
glowning7,226,0,0.000179308,1
gooded_cheese,16269,4,0.000358616,1
fi_smaster,40,0,0.000358616,1
ggirl1968,1745,1,0.000537924,1
BoaJJBA,118,1,0.000358616,1
PresterJohn316,363,0,0.000358616,1
Pahssion,4,0,0.000179308,1
Jack_Strider,161,0,0.000358616,1
Daughter_Earwig,58,0,0.000358616,1
EmiPlayzMC,45,0,0.000358616,1
RPGSite,106372,853,0.000358616,1
Numpsie,762,27,0.000717231,1
Maxadus_,128,0,0.000358616,1
Lakota_Sunshine,133,1,0.000358616,1
Raffosbaffos,134,5,0.000358616,1
SmoggyLamb49,27,0,0.000358616,1
newsydus,448,0,0.000358616,1
LuciDSea98,100,0,0.000358616,1
KoverasTwitch,185,2,0.000179308,1
matsuhannah,573,11,0.000358616,1
SquirrelEmperor,161,0,0.000358616,1
BryanFdN92,162,0,0.000358616,1
jabberjax48,214,5,0.000358616,1
CanvasPirate,2145,14,0.000358616,1
JonWhooley,896,4,0.000358616,1
MittensDaKatje,2999,10,0.000358616,1
Wattsydraws,297,4,0.000179308,1
AkashaSovereign,587,3,0.000358616,1
taufmonster,126,19,0.000358616,1
himu_zelda,3998,0,0.000179308,1
Bluealiceroses,19,0,0.000358616,1
nambs_,286,10,0.000179308,1
OzmanOOS,1565,0,0.000358616,1
SwedishKuriboh,313,7,0.000358616,1
sennachereb,56,0,0.000358616,1
FrancielBorges_,1269,1,0.000358616,1
layenque,135,1,0.000358616,1
jujubeeee__,15,1,0.000358616,1
MLeeLunsford,23574,255,0.000179308,1
Eximaclh,1345,38,0.000358616,1
sssevannn,757,1,0.000358616,1
collisionalkiss,390,3,0.000358616,1
thenewyorktims,49,1,0.000537924,1
TiredHawaiian,83,1,0.000358616,1
Dior,8756066,9917,0.000179308,1
downwitheggs,167,0,0.000358616,1
abhi2k5,131,0,0.000358616,1
SnowyMGS,133,4,0.000358616,1
aradiasArisen,112,4,0.000358616,1
ConsoleEthan,282,7,0.000358616,1
SirpoSpin,194,3,0.000358616,1
ChromefaceX,24,0,0.000358616,1
dumbmustache,54,0,0.000358616,1
PrissyOrcGF,21981,0,0.000358616,1
TitaniumSalvage,139,5,0.000358616,1
alexrossler_art,60,0,0.000358616,1
y_comal,18,0,0.000179308,1
leemeyer26,414,15,0.000358616,1
StoriesUniverse,32,1,0.000358616,1
DanielPessoaVO,693,6,0.000358616,1
zelda_lightning,208,2,0.000179308,1
