Username,followers,listed_count,degree,mentioned
Zeldathons,6,0,0.04630294328786791,263
Zelda_king13,4231,10,0.012921751615218953,115
tweetNorvena,394,6,0.001615218951902369,87
DonnaVita4,582,5,0.001615218951902369,87
Bonu19RC,235,4,0.001615218951902369,87
Oh_Marie1,343,3,0.001615218951902369,87
sithlord_zelda,127,3,0.001615218951902369,87
MommaTwexy,129,4,0.001615218951902369,87
A_Darya79,148,6,0.004127781765972721,86
NiaNiam2,1212,9,0.0052045944005743,82
nerdist,481964,4772,0.013819095477386936,78
KingCarlyle_,471,6,0.0010768126346015793,73
bonnietylerfan5,380,3,0.0010768126346015793,73
NadinFrog,289,5,0.0010768126346015793,73
Paula_McCarlyle,185,4,0.0010768126346015793,73
Anna55714043,402,5,0.0010768126346015793,73
UKLCH,1006,7,0.004127781765972721,70
cat_magic3,68,3,0.004127781765972721,66
NGDAverk,9308,49,0.0035893754486719313,60
drecksuser,42158,78,0.0068198133524766695,57
Bee_Zelda,4685,43,0.0034099066762383347,44
Mupf05YT,14874,24,0.008255563531945441,40
ZeldaUniverse,220583,890,0.0068198133524766695,38
YungGlurak,19102,29,0.00466618808327351,37
YungKermit1,16207,23,0.0059224694903086865,34
Mynex_,499,0,0.0059224694903086865,34
JustVNTY,27790,27,0.006999282124910266,34
ZeldaDungeon,61222,234,0.0059224694903086865,33
spiegelbro,31424,25,0.008076094759511845,32
nintendolife,253600,2389,0.0035893754486719313,27
DonBauero,1176,8,0.0034099066762383347,25
yflexn0,3268,12,0.005025125628140704,24
ThiccerWaifus,313,0,0.004127781765972721,23
kkamabr,3368,65,0.001615218951902369,19
_Queuetimes,2831,31,0.001615218951902369,19
OmarNajam,5975,68,0.001615218951902369,19
webargentarius,1657,0,0.0017946877243359657,18
Ad2015Pasquino,2375,3,0.0017946877243359657,18
AnnaRagosta,5927,145,0.0017946877243359657,18
Zelda_51,662,1,0.0017946877243359657,18
joy_zelda,6583,5,0.002871500358937545,18
robe_marc,2525,14,0.0017946877243359657,18
bb91687509,3192,9,0.0017946877243359657,18
Fata_Turch,9263,19,0.0017946877243359657,18
CristianCar79,983,3,0.0017946877243359657,18
PowerPlayRPG,525,7,0.002512562814070352,18
NintendoAmerica,11969599,15871,0.0030509691313711416,18
Agricolturabio1,1842,0,0.0017946877243359657,18
roberto2_lamela,1956,3,0.004486719310839914,17
AntonioSassone7,5469,3,0.004486719310839914,17
DANZAMPY,2662,5,0.004486719310839914,17
ChaiKovsky,9869,138,0.002871500358937545,17
salcinz,12507,24,0.004486719310839914,17
Ylaylee,138,0,0.002871500358937545,16
salfasanop,2546,10,0.004486719310839914,16
stefano_b_l,19976,13,0.004486719310839914,16
AuroraBlogspot,72317,329,0.004486719310839914,15
JVCom,1626565,1735,0.0026920315865039484,15
AlliCamAllison,1508,8,0.0010768126346015793,14
rbudd913,1385,21,0.0030509691313711416,14
SarahSiren16,492,3,0.0010768126346015793,14
rumplewrld,332,12,0.0010768126346015793,14
Antonel56196938,206,1,0.0010768126346015793,14
zais5,1150,8,0.0003589375448671931,14
ZachariusD,25101,191,0.0026920315865039484,14
abibliophobica,390,5,0.0010768126346015793,14
Rumple12th,91,2,0.0035893754486719313,13
OndaCivica_EU,1829,2,0.004486719310839914,13
YouTube,74700911,79895,0.002333094041636755,13
bluepikachu387,36,0,0.0003589375448671931,12
zelda_knuckles,21,0,0.001256281407035176,11
Makoto_0322,126,0,0.0003589375448671931,11
BetterThanOoT,73,0,0.0003589375448671931,11
WizzardOfTime,9576,28,0.0021536252692031586,11
Ganondoodles,12659,79,0.0017946877243359657,10
timuchiiin,10,0,0.0014357501794687725,10
xFatalHeartz,2000,7,0.0014357501794687725,10
benni995,52,2,0.0014357501794687725,10
MimiMerlot,3606,49,0.0021536252692031586,10
brustmacher,53,0,0.0014357501794687725,10
mipha_zelda_,239,0,0.0005384063173007897,10
linkulinkufigrs,2307,16,0.0003589375448671931,10
HMKilla,39207,129,0.0014357501794687725,10
maliceguardian,3618,129,0.0007178750897343862,9
zockertrottel,13,1,0.004127781765972721,9
mitskiIeaks,24716,39,0.0003589375448671931,9
Gemin1Lightning,144,5,0.0021536252692031586,9
Amelia2325,733,26,0.0003589375448671931,8
Skeezard,20379,50,0.0014357501794687725,8
HitCockBottom,46267,183,0.001615218951902369,8
USJ_Official,2048984,2747,0.001256281407035176,8
GucciPepe,1096,0,0.004127781765972721,8
KoboldPress,42082,863,0.0005384063173007897,7
MauriTheEdgehog,1043,41,0.001256281407035176,7
Courtney_Fay_M,9936,120,0.0003589375448671931,7
ZELDA_1018,1053,10,0.0005384063173007897,7
Syaba_mr_zelda,496,7,0.00017946877243359656,7
pahnita,1668,16,0.0005384063173007897,7
disco_socialist,34848,164,0.001256281407035176,7
RobPlayinGames,878,7,0.001256281407035176,7
Zelda_BOTW_,110,0,0.0008973438621679828,7
morispielt,178,4,0.004127781765972721,7
RanguGamer,90331,77,0.001256281407035176,7
BestKindaWorst,1141,28,0.0005384063173007897,7
TheNoirEnigma,10048,70,0.0005384063173007897,7
Nintendeal,137102,457,0.001256281407035176,6
NintendoGameBot,72,4,0.0003589375448671931,6
EricRod_LYV,79809,119,0.001256281407035176,6
AlasdairForbes1,205,2,0.0021536252692031586,6
elonmusk,78986831,88007,0.0008973438621679828,6
Chief117Br,45258,68,0.001256281407035176,6
GifZelda,102457,256,0.001256281407035176,6
_HavocSnake_,6124,17,0.0010768126346015793,6
little_red_dot,5871,49,0.001615218951902369,6
JuanderfulJuans,595,11,0.001256281407035176,6
paramitapapili0,586,2,0.0003589375448671931,6
Edson_Ribeiro,5472,6,0.0008973438621679828,6
Dude48592534,13,0,0.0008973438621679828,5
ryanblm1234,45,0,0.0005384063173007897,5
drisunshine_,234,1,0.00017946877243359656,5
TheJarrodAF,386,6,0.0005384063173007897,5
xstex,196838,1198,0.0005384063173007897,5
TheTonySpade,243,7,0.0007178750897343862,5
KellySillery,58,6,0.0005384063173007897,5
walmyrcarvalho,6904,181,0.0010768126346015793,5
metallicsmoke,84,2,0.0003589375448671931,5
_CamGG,489,3,0.0007178750897343862,5
zelda__bot,1203,19,0.0003589375448671931,5
AshPaulsen,22980,162,0.0010768126346015793,5
FraanBMJ,612,4,0.0008973438621679828,5
linksfavorite,3980,15,0.0003589375448671931,5
BigJoeySlaps,27383,19,0.0010768126346015793,5
FredZolf,53367,145,0.0008973438621679828,5
some_zelda_nerd,290,7,0.0010768126346015793,5
NeverSayYesPog,49449,11,0.0007178750897343862,4
MuriloBiasi,1089,5,0.0007178750897343862,4
Nintendoubt815,739,47,0.0003589375448671931,4
PuissanceZelda,6126,40,0.0007178750897343862,4
TrivonikaDemary,477,3,0.0003589375448671931,4
sr_serpa,752,4,0.0007178750897343862,4
Rosie_Knuckles,245,2,0.0007178750897343862,4
karlsquackity,8393,83,0.0007178750897343862,4
DoctorAmigo2,1043,22,0.0007178750897343862,4
maobaby,27,0,0.0007178750897343862,4
wistfulknight,734,16,0.0003589375448671931,4
podcastress,59,0,0.0005384063173007897,4
jupy314,10349,60,0.0008973438621679828,4
cinderlotus,222,0,0.0007178750897343862,4
PyroClaymore,77,3,0.0005384063173007897,4
TheMetallingOne,9848,45,0.0008973438621679828,4
GenesaurusRex,452,3,0.001615218951902369,4
TomGyroid,60,0,0.0003589375448671931,4
ImNot_Zelda,550,6,0.0005384063173007897,4
JonBaker,15659,113,0.0005384063173007897,4
baauii,6047,10,0.0003589375448671931,4
Zelda_Fortune,755,3,0.0005384063173007897,4
PenOfSmiting,2590,31,0.001615218951902369,4
Duda_Burst,602,6,0.0003589375448671931,4
bluestockingetc,2391,45,0.0003589375448671931,4
Mario98625161,155,1,0.0008973438621679828,4
Scotland1509,244,4,0.001615218951902369,4
getplayedpod,12294,39,0.0005384063173007897,4
AcademicFoxhole,5438,42,0.001615218951902369,4
mudron,4179,172,0.0007178750897343862,4
yo_zelda,162,0,0.00017946877243359656,4
OnThisDayGaming,201378,529,0.0008973438621679828,4
The_Katbot,21412,459,0.0008973438621679828,4
mohlalakabelo82,76,0,0.0007178750897343862,4
Nibellion,343701,1726,0.0007178750897343862,4
TemploDelTiempo,28880,55,0.0008973438621679828,4
MercuryMenace,676,4,0.0003589375448671931,4
KabutoGroupChat,1065,8,0.0008973438621679828,4
Thrasher_Jon,75,5,0.0005384063173007897,3
bigbaddybee,57397,136,0.0008973438621679828,3
Zelda_Doyle,631,9,0.0005384063173007897,3
rob_ishi,69764,254,0.0007178750897343862,3
Bot_of_Legends,15,5,0.0003589375448671931,3
ZeldaInformer,65369,400,0.0005384063173007897,3
KatyxParry,2973,12,0.0010768126346015793,3
PeterstheQuill1,27,0,0.0003589375448671931,3
KekeMaxJr,690,11,0.0007178750897343862,3
MalachiCaddell7,209,3,0.0003589375448671931,3
MarianneDHobbit,1329,7,0.0005384063173007897,3
MartyBellvue,319,6,0.0005384063173007897,3
RPG__Nut,61,1,0.0005384063173007897,3
PlayStation,24489619,34212,0.0005384063173007897,3
DaMiffinMan,193,3,0.0007178750897343862,3
Soundwaves1992,4402,10,0.0007178750897343862,3
gamingbible,62680,132,0.0005384063173007897,3
NESbot_feed,11786,255,0.0003589375448671931,3
May_greed_2010,1665,9,0.0003589375448671931,3
chas_mke,1153,13,0.0005384063173007897,3
irrelevanterKek,219,0,0.0005384063173007897,3
Dragonskulldl,15,0,0.0005384063173007897,3
monomiki,527,16,0.0007178750897343862,3
KaySaravo,9624,8,0.0007178750897343862,3
PepperTroopa,3586,23,0.001256281407035176,3
jesusvlad,5,0,0.0003589375448671931,3
ObiJoann,615,2,0.0005384063173007897,3
equxls,159,0,0.0005384063173007897,3
Strawbunneh,505,4,0.00017946877243359656,3
BeBraesFull,2216,23,0.0003589375448671931,3
Domtendo,114568,147,0.0003589375448671931,3
old_orange_peel,374,0,0.0003589375448671931,3
ZeroKJD,1838,6,0.0010768126346015793,3
Fae_TheUnicorn,94,0,0.0003589375448671931,3
MatteoDracoLeon,114,0,0.0003589375448671931,3
davidlasby,453,2,0.0007178750897343862,3
AdmiralAdorable,125,2,0.0003589375448671931,3
CuriousZelda,208022,987,0.0005384063173007897,3
girlfromcanada,9859,122,0.0007178750897343862,3
lazyknd,876,60,0.0003589375448671931,3
AdorableAsheQT,144,1,0.0003589375448671931,3
PSN_ElectricDC,11804,33,0.0003589375448671931,3
AmiTheRobot,2254,31,0.0003589375448671931,3
cubeyrose,1301,8,0.0007178750897343862,3
JossJ0,69,1,0.0003589375448671931,3
spooneebard,4119,47,0.0007178750897343862,3
MatttGFX,29299,79,0.0007178750897343862,3
rockyrowland88,255,1,0.0005384063173007897,3
RealDealDiPirro,704,0,0.0003589375448671931,3
SkywardS_Ebooks,41,0,0.0003589375448671931,3
TopHatGamingMan,13865,115,0.0005384063173007897,3
_ayasap,1570,5,0.0003589375448671931,3
Leutilsa,2581,16,0.0005384063173007897,3
bottleo_sake,226,12,0.0003589375448671931,3
tholzerman,3166,103,0.0005384063173007897,3
Gui_RIFF,3382,9,0.0005384063173007897,3
Hiraishin30,81,1,0.0007178750897343862,3
Pro_Superhero,960,8,0.0008973438621679828,3
_LovelyZelda,7529,28,0.0005384063173007897,3
mamandiary,265,0,0.0003589375448671931,3
VideojuegosGAME,612279,1609,0.0005384063173007897,3
NOCTFALL,204,2,0.0003589375448671931,3
Real_DasGnomo,5303,26,0.0007178750897343862,3
illuKez,535,14,0.0003589375448671931,3
hiddlenix,881,5,0.0007178750897343862,3
TetraTheThief,948,19,0.0005384063173007897,3
zelda_0830,81,0,0.00017946877243359656,3
keekeeome,1900,29,0.0005384063173007897,3
davidbv4040,454,4,0.0003589375448671931,3
ctotheatherine,1067,7,0.0005384063173007897,3
RanchHandjob,274,4,0.0007178750897343862,3
SoylentOranges,393,2,0.0007178750897343862,3
Nevergone72,1217,3,0.0005384063173007897,3
IGN,8732964,25174,0.0005384063173007897,3
itsahard0ne,91,1,0.0003589375448671931,3
caeluswindcat,105,1,0.0003589375448671931,3
promo_streams,26149,92,0.0005384063173007897,3
Yeenmeanmachine,1588,6,0.0005384063173007897,3
yeIIowafternoon,206,1,0.0003589375448671931,3
jkstar000_zelda,209,0,0.00017946877243359656,3
onikadrip,11737,38,0.00017946877243359656,3
DullVivid,46853,229,0.0005384063173007897,3
writersflood,1504,15,0.0007178750897343862,3
sme_rt,28909,127,0.0005384063173007897,3
ghosty_geist,1,0,0.0003589375448671931,3
fenturd,349,13,0.0003589375448671931,3
skeeney1990,84,1,0.0005384063173007897,2
SQGReviewShow,601,27,0.0005384063173007897,2
hermelamelo,1308,8,0.0003589375448671931,2
JarylGaren,1682,38,0.0003589375448671931,2
astromawu,33,0,0.0003589375448671931,2
JuliusUrsus,1088,10,0.00017946877243359656,2
xDomsi,636,8,0.0005384063173007897,2
purrblind,12221,47,0.0003589375448671931,2
TheSladeM,324,2,0.0003589375448671931,2
OneShotUDie55,740,30,0.0008973438621679828,2
ULTRAMEGAGUARRA,481,13,0.0003589375448671931,2
Mister_Greer,1298,12,0.0003589375448671931,2
OkuriiYT,158,3,0.0003589375448671931,2
baut__i,71,1,0.0003589375448671931,2
Pixel_Powerstar,11,0,0.0003589375448671931,2
trendysoccermom,349,1,0.0003589375448671931,2
lportnoy,7250,91,0.0003589375448671931,2
drawing_devil_,13,0,0.0003589375448671931,2
NerdyDeals247,3231,6,0.0003589375448671931,2
KitchenConnect4,840,2,0.0003589375448671931,2
Cat222Duck,1910,22,0.0003589375448671931,2
sameki1024,37759,226,0.0003589375448671931,2
qtrcirclejab,1935,3,0.0003589375448671931,2
journeys_ARPG,1279,13,0.0003589375448671931,2
TriforceZard,2085,58,0.0003589375448671931,2
ryan_rudnick,648,3,0.0005384063173007897,2
_Grillade,1059,7,0.0003589375448671931,2
theclassicsgirl,206,5,0.0003589375448671931,2
RavenNamedRook,291,6,0.0005384063173007897,2
CocoMuir_,6534,99,0.0003589375448671931,2
Kratogans,761,13,0.0007178750897343862,2
BiteDiamond,7967,37,0.0005384063173007897,2
bpapa,1826,139,0.0005384063173007897,2
chocomiru02,33302,149,0.0003589375448671931,2
Twitch_RT,37548,217,0.0003589375448671931,2
InnocentZelda,3874,82,0.0005384063173007897,2
_MalevolentMal,193,6,0.0003589375448671931,2
SmallStreamersR,55283,162,0.0003589375448671931,2
katoj036,769,3,0.0003589375448671931,2
xMYHATREDx,293,4,0.001615218951902369,2
enterzalman,3951,36,0.0003589375448671931,2
Frieddo_,401,1,0.0003589375448671931,2
deepspacehoobie,338,2,0.0005384063173007897,2
GeekLambert,117,0,0.0003589375448671931,2
SanderVhove,2497,36,0.0003589375448671931,2
illicitlisa,36,1,0.0003589375448671931,2
Argumentable,86,1,0.0003589375448671931,2
Poshmarkapp,140260,561,0.0003589375448671931,2
Azurexis,4338,64,0.0003589375448671931,2
monkkee_,307,3,0.0003589375448671931,2
ReadyJohnpaul,2170,6,0.0003589375448671931,2
Lord_Arse,107307,847,0.0005384063173007897,2
BommelHasa,78,1,0.0003589375448671931,2
deadstill666,290,0,0.00017946877243359656,2
travic626,1996,6,0.00017946877243359656,2
Dravencore210,2528,50,0.0003589375448671931,2
vodkasunnyd,197,1,0.0003589375448671931,2
So_Ethereal,56844,110,0.0003589375448671931,2
Sd_nags,794,35,0.0003589375448671931,2
MrNunesteach,16006,134,0.0003589375448671931,2
albert_valo,16,0,0.00017946877243359656,2
dolari,987,44,0.0007178750897343862,2
ClementPanchout,3486,33,0.0003589375448671931,2
sebbourgeois,803,13,0.0003589375448671931,2
Y4M7GUCHI,457,11,0.0003589375448671931,2
TM4NESS99,1176,7,0.0007178750897343862,2
eBay,759209,3908,0.00017946877243359656,2
mrmatera,23020,570,0.0003589375448671931,2
SorenAudron,23,1,0.0003589375448671931,2
Fingusa,324,5,0.0005384063173007897,2
ChelseaPlayed,92,2,0.0003589375448671931,2
schmo5by,551,9,0.0003589375448671931,2
GrandPOOBear,71148,160,0.0005384063173007897,2
tkbryant74,2986,9,0.00017946877243359656,2
heathercampbell,48782,524,0.0005384063173007897,2
thehfmr,435,5,0.0007178750897343862,2
theversions666,1018,5,0.0005384063173007897,2
BrasilGameShow,138139,396,0.0003589375448671931,2
awk_raccoon,13694,44,0.00017946877243359656,2
WheezyC_,70,2,0.0003589375448671931,2
dbk_wong,207,2,0.0005384063173007897,2
SnackarGoja,5100,36,0.0003589375448671931,2
TriForceTits,7036,181,0.0005384063173007897,2
ThirdEditions,34988,171,0.0003589375448671931,2
TachoSaid99,525,1,0.0003589375448671931,2
Mudloop,3861,40,0.0003589375448671931,2
AbbacchioDonut,66,3,0.0007178750897343862,2
Play_More_KOF,777,2,0.0005384063173007897,2
1chidoh,431,2,0.0003589375448671931,2
ATRociousFuBear,560,1,0.0003589375448671931,2
FrankieJesstein,2194,24,0.0003589375448671931,2
ValleyFrontier,342,13,0.0003589375448671931,2
soepliefhebber,1017,36,0.0003589375448671931,2
schmiddi090,14703,39,0.0003589375448671931,2
anarchyKaos666,1959,20,0.0003589375448671931,2
MxNintendo,62112,132,0.00017946877243359656,2
ChiaroBen,43,1,0.0005384063173007897,2
AlexLight23,34,3,0.0005384063173007897,2
MesOPKenPMA,907,2,0.0003589375448671931,2
SMetaldave64,5969,49,0.0005384063173007897,2
robsgameshack,5566,76,0.0003589375448671931,2
RamielBestAngel,425,1,0.0003589375448671931,2
socialstudiestx,9159,77,0.0003589375448671931,2
tika_tops,897,1,0.0005384063173007897,2
AndrewJMagee,4937,27,0.0003589375448671931,2
Emulateurfr,18,0,0.00017946877243359656,2
the_regressor,11414,88,0.0005384063173007897,2
KENisbg,43143,422,0.0003589375448671931,2
Deebeegeek26,14730,25,0.0003589375448671931,2
bowen_tim,130,3,0.0003589375448671931,2
juansito_a,161,3,0.0007178750897343862,2
Aktiemaskinen,15929,101,0.0003589375448671931,2
jorgeytrueno,259,2,0.0005384063173007897,2
InfernalTee,1829,5,0.0005384063173007897,2
zelda_link,631,66,0.0003589375448671931,2
matstarify,550,4,0.00017946877243359656,2
DKOldies,3644,29,0.0003589375448671931,2
TheHamTornado,36,0,0.0005384063173007897,2
AdriKyo,1183,11,0.00017946877243359656,2
TracedThurman,6566,88,0.0005384063173007897,2
meer_mel,26,0,0.0005384063173007897,2
godfree,22317,512,0.0003589375448671931,2
FightingLeprec1,289,3,0.0003589375448671931,2
LadyCassandrina,494,8,0.0005384063173007897,2
knuckles_8,0,0,0.0003589375448671931,2
Sfar_Ssbu,315,4,0.0003589375448671931,2
Vidya_James,1964,18,0.0003589375448671931,2
Cantonasghost,83,0,0.0003589375448671931,2
miyatkun1,8301,47,0.0003589375448671931,2
chrisxchad732,2103,46,0.0003589375448671931,2
UltraHylia,244,3,0.0003589375448671931,2
pipabethenjoyer,478,23,0.0003589375448671931,2
_Shergiock_,1494,54,0.0005384063173007897,2
ProdigyParadox,130,3,0.0003589375448671931,2
Hungry_Adnan,336,2,0.0003589375448671931,2
mrbravo365,2989,29,0.0003589375448671931,2
theblueminegirl,1353,3,0.0005384063173007897,2
trforceprincess,29567,99,0.0003589375448671931,2
RivoDiego,703,0,0.0003589375448671931,2
Zeldathon,8886,45,0.0007178750897343862,2
supergames2x,3688,19,0.0003589375448671931,2
dctr_binary,619,6,0.0005384063173007897,2
PandaKami17,69,2,0.0003589375448671931,2
SimpingDahlris,770,28,0.0003589375448671931,2
ParkerMaeASMR,2490,7,0.0003589375448671931,2
taennielink,1220,22,0.0003589375448671931,2
wizarducks1,1385,29,0.0003589375448671931,2
NoResetSpeedrun,497,7,0.0003589375448671931,2
Paraleea,298,11,0.00017946877243359656,2
samon_Link,2798,22,0.0003589375448671931,2
WojtekWitowski,3119,54,0.0003589375448671931,2
superion_57,290,11,0.0005384063173007897,2
BurningDK_Vlc,68,3,0.0003589375448671931,2
Espe1980,1708,22,0.0005384063173007897,2
Win98Tech,10981,40,0.0005384063173007897,2
Iceblader20,42,0,0.0008973438621679828,2
danctheduck,14202,558,0.0005384063173007897,2
Bizcuthammer,237,10,0.0003589375448671931,2
A_Wild_Seri,111,2,0.0003589375448671931,2
Silverjojo08,382,6,0.0005384063173007897,2
FartShartly,867,4,0.0005384063173007897,2
chancepatrickk,1297,12,0.0005384063173007897,2
NHorologiumRPG,1553,21,0.0003589375448671931,2
ZELDATheSinger,153,0,0.00017946877243359656,2
Ty_Foxface,1124,0,0.0003589375448671931,2
Zelda_Zonk_EC,455,1,0.00017946877243359656,2
That1JakeGuy,93,1,0.0003589375448671931,2
bryanjedi82,73,0,0.00017946877243359656,2
reinersgoatee,1647,19,0.0003589375448671931,2
ericroberts43,724,6,0.0003589375448671931,2
FNBRLeaks,403865,734,0.0003589375448671931,2
omakebooks,11944,97,0.0003589375448671931,2
Twitch,9211716,9025,0.00017946877243359656,2
katastrofree,2664,20,0.0005384063173007897,2
TheNebulace,5393,19,0.0003589375448671931,2
milfgomez,219,3,0.0003589375448671931,2
MiguelWrites,25260,312,0.0005384063173007897,2
AppaSamurai,88,1,0.0003589375448671931,2
SpamOManOSpam,431,0,0.0007178750897343862,2
Agent6711,247,1,0.0005384063173007897,2
NyxTokyo,1424,2,0.0005384063173007897,2
Shonenboy_,108,0,0.0005384063173007897,2
BlazedRTs,34719,124,0.0003589375448671931,2
Zelda_chairman,2366,14,0.0003589375448671931,2
Keegmania,217,16,0.0005384063173007897,2
madbaldscotsman,14993,252,0.0005384063173007897,2
Xavi_MK,122,0,0.0003589375448671931,2
ChrisMonan,90,2,0.00017946877243359656,2
TransSalamander,17156,32,0.0005384063173007897,2
sckbounty,1585,16,0.0007178750897343862,2
rumbotwitch,6231,11,0.0003589375448671931,2
FortniteGame,14464236,7502,0.0003589375448671931,2
Kiraa_one,40,0,0.00017946877243359656,2
LordShadow27,1194,4,0.0003589375448671931,2
Casual_Lobster,512,14,0.00017946877243359656,2
cactuskash,370,7,0.0003589375448671931,2
SupeerEstrada,77,1,0.0003589375448671931,2
FullGhoren,2009,6,0.0003589375448671931,2
dead_astr0naut,660,9,0.0005384063173007897,2
MainframeGames_,1300,7,0.0003589375448671931,2
XboxNaticos,5687,12,0.0003589375448671931,2
ABS8185YT,92,5,0.0003589375448671931,2
PlushMaker400,496,19,0.0005384063173007897,2
Saxlink95,158,0,0.0003589375448671931,2
potato_death,100,3,0.0003589375448671931,2
wtfmig,30638,532,0.0005384063173007897,2
bunniecooper,1051,3,0.0005384063173007897,2
LouBagelCombo5,1904,55,0.0003589375448671931,2
kymerakorpse,807,2,0.0005384063173007897,2
IvythePriest,750,7,0.0005384063173007897,2
TitlesBot,43,0,0.0003589375448671931,2
RawkHawk2010,794,13,0.0005384063173007897,2
ComicMitchJones,1508,31,0.0005384063173007897,2
Ferdk,1380,18,0.0003589375448671931,2
EnderGirl0110,91,0,0.0005384063173007897,2
BDanubien,1051,12,0.0003589375448671931,2
AlexJoestar622,3204,68,0.0005384063173007897,2
AmazingDJDustin,3519,26,0.0003589375448671931,2
RMDCade,605,7,0.0003589375448671931,2
aIbedokisser,152,0,0.0003589375448671931,2
studio_cascade,139,2,0.0003589375448671931,2
necrolipe,9613,41,0.0005384063173007897,2
xPittti,84,2,0.0003589375448671931,2
IcebergSynth,37,0,0.0003589375448671931,2
Doctorfriki1,527,3,0.00017946877243359656,2
killjoy_warlock,246,2,0.00017946877243359656,2
LabsSkull,14127,155,0.0003589375448671931,2
Pepe_elpez,4201,107,0.0005384063173007897,2
marchiarten,1946,12,0.0003589375448671931,2
BagarraoEduardo,9202,55,0.0003589375448671931,2
rtsmallstreams,49919,161,0.0003589375448671931,2
SquareEnix,996435,3608,0.0003589375448671931,2
Tempestar24,85,1,0.0003589375448671931,2
madisonbeer,3259788,5169,0.00017946877243359656,2
minecraft_woman,364,10,0.0003589375448671931,2
theWellRedMage,7274,79,0.0005384063173007897,2
gillythekidYT,7258,31,0.0005384063173007897,2
EizabethElliott,774,16,0.00017946877243359656,2
oKakaVieira,3452,7,0.0003589375448671931,2
therealFrankieV,352,0,0.0005384063173007897,2
Dylsponge3,99,2,0.0005384063173007897,2
MomOfAllCapes,14212,498,0.0003589375448671931,2
vingadorbrambz,12039,22,0.0003589375448671931,2
wookie606,765,7,0.00017946877243359656,2
GamingReinvent,626,31,0.0003589375448671931,2
KOPURISTA,24629,62,0.0003589375448671931,2
CalexTheNeko,563,4,0.0003589375448671931,2
Nano551,164,5,0.0003589375448671931,2
NintendoUK,675401,1884,0.0003589375448671931,2
n64controller,29,0,0.0003589375448671931,2
linlinkkkkk,5125,55,0.0003589375448671931,2
DreamyWarrior00,342,9,0.0003589375448671931,2
vsartorio,411,5,0.0005384063173007897,2
Ashenwave,4579,134,0.0003589375448671931,2
SimpleFlips,57572,65,0.0003589375448671931,2
Jotaru_Josey,103,3,0.0005384063173007897,2
LennyBoy_txt,51,2,0.00017946877243359656,2
TheRunePony,108,4,0.0003589375448671931,2
ZokeMPDDaughter,644,2,0.0003589375448671931,2
spacehuskygames,1635,11,0.0003589375448671931,2
_4r7h,172,1,0.00017946877243359656,2
VGFGamers,256374,1217,0.0003589375448671931,2
akaGustavo1,522,9,0.00017946877243359656,2
alemaunzinhuu,4000,14,0.0003589375448671931,2
hipsforbuckin,844,34,0.0003589375448671931,2
RetroBoyJon,34317,144,0.0003589375448671931,2
miphacutiefish,545,5,0.0003589375448671931,2
missbecky_k,528,41,0.0003589375448671931,2
CandlesauceYT,4,0,0.0003589375448671931,2
OddSocksDev,1657,30,0.0003589375448671931,2
MHiretsu,221,1,0.0005384063173007897,2
radzero83,7777,67,0.0003589375448671931,2
SimonJakobsson,5339,118,0.0003589375448671931,2
The_Elite_MYT,253,4,0.0005384063173007897,2
Guld_TLC,9591,59,0.0003589375448671931,2
TheThirdKindTTV,56,1,0.0003589375448671931,2
ToniTramontana,580,2,0.0003589375448671931,2
azelofvelthomer,529,31,0.0003589375448671931,2
storiofmylife,167,4,0.0003589375448671931,2
zelda_daqueen,346,3,0.0003589375448671931,2
WynkoopEmily,82,1,0.0003589375448671931,2
KPTTownie,20,0,0.0003589375448671931,2
KxBerserk,718,11,0.0003589375448671931,2
heyitssyd28,464,3,0.0005384063173007897,2
ZOMMBiiExG,861,6,0.0003589375448671931,2
spammegsubi,635,6,0.0003589375448671931,2
BellarDelik,22,1,0.0005384063173007897,2
Pine2Auditore,217,4,0.0003589375448671931,2
probablePenguin,34,0,0.0005384063173007897,2
oatmealraisnazn,115,1,0.0003589375448671931,2
AishaBlackHO,118,4,0.00017946877243359656,2
WGGPapaDom,1510,37,0.0003589375448671931,2
PixelShorts,5282,72,0.0003589375448671931,2
Iggor_Ahrends,329,0,0.0005384063173007897,2
robinmaypanpan,1466,34,0.0005384063173007897,2
UltBombSquad,926,12,0.0003589375448671931,2
AlphaOmegaSin,85316,285,0.0005384063173007897,2
lasizwe,1486750,124,0.00017946877243359656,2
dollyplays_,1063,2,0.0003589375448671931,2
Evil_Antho,201,4,0.0005384063173007897,2
HeyListenGames_,4,0,0.0003589375448671931,2
MhaActuFR,41357,12,0.0003589375448671931,2
roms2332,130,1,0.0003589375448671931,2
gamesyouloved,94404,1076,0.0003589375448671931,2
kuyarizu,8,0,0.0003589375448671931,2
lavorric,271,2,0.0003589375448671931,2
toronai22,1011,5,0.0005384063173007897,2
soy_tricycle,584,11,0.0003589375448671931,2
blu_vs,1919,39,0.0003589375448671931,2
TeckelZelda,3523,7,0.0005384063173007897,2
TannersArt,330,14,0.0003589375448671931,2
autoautism,477,8,0.0003589375448671931,2
moldyclay,744,27,0.0005384063173007897,2
alexdarknight82,1349,27,0.0003589375448671931,2
oliv_o1l,76,1,0.0003589375448671931,2
zelda_myers9,38,0,0.00017946877243359656,2
SolaceAndDread,1280,7,0.0003589375448671931,2
Nahytmare1,659,2,0.0003589375448671931,2
SarahJaneAvory,12529,178,0.0003589375448671931,2
owlcitizenluis,1982,27,0.0005384063173007897,2
jesush1979,3710,73,0.0003589375448671931,2
TAHK0,62013,241,0.0003589375448671931,2
lepsgo_,1249,7,0.0003589375448671931,2
JellyfshFortuna,20014,273,0.0003589375448671931,2
vercevil,150,1,0.0003589375448671931,2
Drillimation1,4465,29,0.0003589375448671931,2
marmastry,77210,614,0.0003589375448671931,2
doodleonmargins,351,5,0.0003589375448671931,2
axman4711,99,2,0.0003589375448671931,2
john_waaade,24,0,0.0003589375448671931,2
Coldzero17,94,5,0.0005384063173007897,2
AreiaLCarroll,33,1,0.0005384063173007897,2
henneld_edu,9997,116,0.0003589375448671931,2
The_Real_Heffe,186,3,0.0005384063173007897,2
Marshamouse_,1247,6,0.0003589375448671931,2
X_Leven_X,71,3,0.0003589375448671931,2
mightyyshrimp,892,7,0.0005384063173007897,2
wayne_emanuel,1020,43,0.0003589375448671931,2
luca_starks,822,14,0.0003589375448671931,2
horse7freedom,36,0,0.00017946877243359656,2
EpicManectric,21,1,0.0005384063173007897,2
bunnypierrot,1039,11,0.0003589375448671931,2
omegaro,2714,22,0.00017946877243359656,2
SuaveVillain,1107,60,0.0005384063173007897,2
twilisita,2080,51,0.0003589375448671931,2
Muffn_boi,227,2,0.0003589375448671931,2
metal_hera,18,0,0.0003589375448671931,2
NovatosTwitch,3797,12,0.0003589375448671931,2
EvoHannan,14354,72,0.0003589375448671931,2
ownnnwo,213,4,0.0003589375448671931,2
Megasan3,542,3,0.0005384063173007897,2
boomslambritt,200,3,0.0003589375448671931,2
BarritaDePinia,127,0,0.0005384063173007897,2
MrRavenclaw95,233,11,0.0003589375448671931,2
BLAZINGKNIGHT50,2458,4,0.0003589375448671931,2
ScowshMolosh,961,11,0.0003589375448671931,2
ColfdraLegend,14,0,0.00017946877243359656,2
DouggernaughtTV,648,10,0.0005384063173007897,2
Warbot400,1441,13,0.0003589375448671931,2
K0ngBuster,599,13,0.0003589375448671931,2
jinjatea,470,1,0.0008973438621679828,2
Archlord_Haku,1018,11,0.0005384063173007897,2
CengizMan,415,12,0.00017946877243359656,2
TrinityBruns,58,0,0.0010768126346015793,2
stardewmochi,415,15,0.0003589375448671931,2
HyrulePod,104,0,0.0007178750897343862,2
ResetEraNT,3234,0,0.0003589375448671931,2
thedatty,6,0,0.0003589375448671931,2
Sami_Melody,418,0,0.0003589375448671931,2
YoKaiKingEnma,131,8,0.0003589375448671931,2
ChaiPanDuh,126,3,0.0003589375448671931,2
fluttergutz,1088,25,0.0003589375448671931,2
therealtakarita,6993,64,0.00017946877243359656,2
thereplicant85,42,0,0.0003589375448671931,2
awildjessichu,5608,38,0.0005384063173007897,2
derrickg1126,1415,12,0.0003589375448671931,2
tlachingon,892,3,0.0003589375448671931,2
osugamer69,578,17,0.0003589375448671931,2
SkeemSaam3,546840,145,0.0003589375448671931,2
TheeCosmicQueen,1834,4,0.0003589375448671931,2
CaixistaV,215,0,0.0003589375448671931,2
NaZyrus07,554,3,0.0003589375448671931,2
Ex_Mosquito,447,7,0.0003589375448671931,2
GluffOfficial,1005,6,0.0005384063173007897,2
MKStayOnTarget,885,16,0.0003589375448671931,2
FreckledRanger,48,2,0.0003589375448671931,2
RGONZALEZ1978,464,3,0.0003589375448671931,2
jellyscare,2204,57,0.0003589375448671931,2
smog_fog,948,2,0.0005384063173007897,2
PastorXbox,9482,35,0.0003589375448671931,2
ProZD,757332,872,0.0003589375448671931,2
ShrinesLegacy,1852,41,0.0003589375448671931,2
GabrielWars,5995,17,0.0003589375448671931,2
ratsoalbion,2247,59,0.0003589375448671931,2
mr_isaacs,23023,1128,0.0003589375448671931,2
Mack_Attack22,149,10,0.0003589375448671931,2
mystery_zelda,56,0,0.0003589375448671931,2
PapaKennMedia,1172,78,0.0005384063173007897,2
SGH_RTs,43844,103,0.0003589375448671931,2
JoeCoolXbox,1946,6,0.0003589375448671931,2
itsJoshualive,54,0,0.0005384063173007897,2
FEARLESSCHRIS8,1003,30,0.0003589375448671931,2
Rapid__RTs,11718,63,0.0003589375448671931,2
VivSquatch,487,8,0.0003589375448671931,2
MarsStudio1970,883,3,0.0003589375448671931,2
gng_ssb,2847,10,0.0003589375448671931,2
jzpfplaying,27720,95,0.0003589375448671931,2
PKLemonZ,457,5,0.0005384063173007897,2
NysyxTwitch,6741,8,0.0003589375448671931,2
EniLyart,479,5,0.0003589375448671931,2
MelodicPace,1018,7,0.0003589375448671931,2
xMANGEMORTSQUAD,2412,2,0.0003589375448671931,2
MainframeCore,28,0,0.0003589375448671931,2
MahDryBread,22019,35,0.0003589375448671931,2
WillyG_21_,379,1,0.0003589375448671931,2
Lemon_Zelda,1060,5,0.00017946877243359656,2
sosotruco,141,1,0.0003589375448671931,2
LyricOfWisdom,8765,71,0.0003589375448671931,2
geoffkeighley,1385403,4506,0.0003589375448671931,2
Rhoam_zelda,83,0,0.0003589375448671931,2
eno_games1,2254,28,0.0003589375448671931,2
Lapowski,359,0,0.0005384063173007897,2
LAimee76,1245,9,0.0005384063173007897,2
kinkymation,170982,658,0.0003589375448671931,2
CreatorFm,989,18,0.0003589375448671931,2
Tiu_JowYT,1819,12,0.0003589375448671931,2
Tearastar,11313,29,0.0003589375448671931,2
maryann2573,2177,21,0.0005384063173007897,2
FFXIV_Suki,222,2,0.0003589375448671931,1
PatatahSwag,931,6,0.0003589375448671931,1
bobaangelos,164,2,0.0003589375448671931,1
SexiestViera,875,2,0.0003589375448671931,1
absolutely_luxo,2245,9,0.00017946877243359656,1
otto_de,34114,442,0.0003589375448671931,1
Tuddcarol1,12821,7,0.00017946877243359656,1
DarkAspie,964,15,0.00017946877243359656,1
hahananoyo,463,19,0.0003589375448671931,1
ViiMorteArt,11835,120,0.00017946877243359656,1
HunterHolcombe9,49,0,0.0003589375448671931,1
OCharleys,7415,87,0.00017946877243359656,1
ETGers,567,7,0.0003589375448671931,1
Totti619,122,3,0.00017946877243359656,1
luthorkarazorel,254,7,0.0003589375448671931,1
Vash4e,54,2,0.0003589375448671931,1
Alvarosbsn,201,2,0.00017946877243359656,1
priime25,71,0,0.00017946877243359656,1
reynn92,16,0,0.00017946877243359656,1
LawrenceWriting,8186,64,0.0003589375448671931,1
unclegamer1,1,0,0.00017946877243359656,1
PatientlyRaging,92,1,0.0003589375448671931,1
Italian_Hobbit,196,4,0.0003589375448671931,1
KofiAmankwaaJr,412,20,0.0003589375448671931,1
solohealer,443,14,0.0003589375448671931,1
BandanaDeeSSBU,4632,9,0.0003589375448671931,1
TLoCam,2189,12,0.0003589375448671931,1
dontstopfightn,4,0,0.0003589375448671931,1
LordCalo,182,1,0.00017946877243359656,1
carzavol,661,13,0.0003589375448671931,1
rainily15,44,0,0.0003589375448671931,1
SigittaNew,59,0,0.0003589375448671931,1
brischeese12,148,6,0.0003589375448671931,1
kianamaiart,337396,1601,0.00017946877243359656,1
DavidRampley1,2,0,0.0003589375448671931,1
KingLucario448,116,5,0.0003589375448671931,1
AstroSky15,229,2,0.0003589375448671931,1
PeriPeri_42,48,0,0.0003589375448671931,1
erncrossing,3141,15,0.0003589375448671931,1
Ozz_Mejia,1346,61,0.0005384063173007897,1
SpaceGothKitKat,23,0,0.00017946877243359656,1
gumchate,94,1,0.0003589375448671931,1
NevermindMach,5,0,0.0003589375448671931,1
martinmattl,195,0,0.0003589375448671931,1
waterloumiller,1701,22,0.00017946877243359656,1
TempestMonty,320,0,0.0003589375448671931,1
Im_notafish,16,0,0.0003589375448671931,1
little_chibs,388,12,0.0003589375448671931,1
picorilev,1137,11,0.0003589375448671931,1
Zexxios,353,8,0.0003589375448671931,1
Hiino100,162,6,0.0003589375448671931,1
kriideluisi,376,1,0.0003589375448671931,1
SoyOjoker,792,21,0.0003589375448671931,1
SophieIsMid,70,0,0.0003589375448671931,1
NINETIESWITCH,1041,7,0.0003589375448671931,1
kmartt10,118,1,0.00017946877243359656,1
beetle_fucker,238,1,0.0003589375448671931,1
questingbunny,440,2,0.0003589375448671931,1
Rodrisen_,52,2,0.0003589375448671931,1
gameandglam,9582,1,0.0003589375448671931,1
ChampionZelda,9354,4,0.00017946877243359656,1
Cureoflove,104,0,0.0003589375448671931,1
SykesCharlie,315133,3393,0.00017946877243359656,1
ellle_em,69609,348,0.00017946877243359656,1
AlieLerArt,6844,34,0.0003589375448671931,1
benac,874,29,0.0003589375448671931,1
pixeljadeart,963,10,0.0003589375448671931,1
Scifi_SpaceTech,5,0,0.0003589375448671931,1
shinjiyamane,1691,0,0.0003589375448671931,1
HummingVixen,80,0,0.0003589375448671931,1
cletus0297,718,32,0.00017946877243359656,1
itssobadpod,30,0,0.0003589375448671931,1
KotatsuAkira,148,4,0.0003589375448671931,1
LookoutBrdcst,114,0,0.0003589375448671931,1
miguel97mtz,224,0,0.0003589375448671931,1
Gugalizando,765,5,0.0003589375448671931,1
GrantsOnGames,41,0,0.0003589375448671931,1
Skyze09,473,0,0.0003589375448671931,1
zelderfreak,386,3,0.0003589375448671931,1
LeoNeedspie,88,1,0.0003589375448671931,1
S_P_Burke,444,29,0.0003589375448671931,1
PennieDPortgas,1025,12,0.0003589375448671931,1
ghiblicuIture,515,9,0.0003589375448671931,1
JonyRamirez_,516,7,0.0003589375448671931,1
milkytanuki,129,0,0.00017946877243359656,1
that_Deus,293,3,0.00017946877243359656,1
twitchpr0mo,5767,8,0.00017946877243359656,1
LyraStarcaller,192,3,0.00017946877243359656,1
lyuude,125,2,0.0003589375448671931,1
LordValTwitch,2732,16,0.00017946877243359656,1
SamCherry735,101,2,0.0003589375448671931,1
timtomsama,110,0,0.0003589375448671931,1
Eevoxx456W,1324,20,0.0003589375448671931,1
Pro_Panda_Plays,1872,3,0.0003589375448671931,1
TermNerdy,234,1,0.0003589375448671931,1
markankaro3,58,0,0.0003589375448671931,1
maaarythia,758,9,0.0003589375448671931,1
dargon_dargon,280,57,0.0003589375448671931,1
manwhohatesfun,2025,52,0.0003589375448671931,1
larsamatsu,293,9,0.0003589375448671931,1
SquallDawg,257,3,0.00017946877243359656,1
adavaco,23381,22,0.00017946877243359656,1
BrianVaughnVA,2328,22,0.0003589375448671931,1
Its_JustLynn,281,5,0.0003589375448671931,1
minister_gold,114,1,0.0003589375448671931,1
I_Sempiternal,445,3,0.00017946877243359656,1
stocjia,14379,62,0.00017946877243359656,1
KilobyteKeith,249,1,0.0003589375448671931,1
faithdrawsmoore,224,0,0.0003589375448671931,1
PozziSoft,1803,24,0.00017946877243359656,1
cosmashanti,1252,7,0.0003589375448671931,1
GoodForxYuux,373,3,0.0003589375448671931,1
aleximouche,172,4,0.0003589375448671931,1
StabbinsMcGee,1181,8,0.0003589375448671931,1
DreamsInk92,454,3,0.0003589375448671931,1
onedoreeto,659,0,0.00017946877243359656,1
thebuckeyegamer,1053,26,0.0003589375448671931,1
shantakutyou,154,11,0.0003589375448671931,1
SabinaNoRxp,308,1,0.0003589375448671931,1
Xeknos,189,0,0.0003589375448671931,1
Retrogamebrews,11679,107,0.00017946877243359656,1
RevedTV,175929,79,0.00017946877243359656,1
GamerShory,730,3,0.0003589375448671931,1
_hunterpadilla_,332,4,0.0003589375448671931,1
FRESHEGOKID,30636,45,0.00017946877243359656,1
WEAPONYZ,1016,14,0.0003589375448671931,1
IGNitalia,12947,125,0.0003589375448671931,1
juliahoek_,47,0,0.0003589375448671931,1
GondolaHel,75,1,0.0003589375448671931,1
dangerdougyt,2214,14,0.0003589375448671931,1
Txabier,801,10,0.00017946877243359656,1
JLerogue,503,4,0.00017946877243359656,1
glomestown,1573,9,0.00017946877243359656,1
SereneDragon3,408,4,0.00017946877243359656,1
Twwotaz,33,5,0.0003589375448671931,1
BryceC2000,7,0,0.0003589375448671931,1
BIS3XUALISM,163,3,0,1
VyriaDurav,466,1,0.00017946877243359656,1
Mime_Jr11,895,0,0.0003589375448671931,1
intuXanadu,11532,85,0.00017946877243359656,1
paraspectre,130,0,0.0005384063173007897,1
LAVEESHA_,1999,36,0,1
Tarkanome,15,0,0.00017946877243359656,1
Konanthehylian,13,1,0.0003589375448671931,1
RoysOurBoySSB4,425,0,0.00017946877243359656,1
gnarcader,85,2,0.0003589375448671931,1
Lunaria961,56,0,0.0003589375448671931,1
GlaxyDDR,128,0,0.0003589375448671931,1
JVGM98,314,14,0.0003589375448671931,1
sphealynn,16,0,0.0003589375448671931,1
t00frazzled,38,0,0.0003589375448671931,1
IzzyOnYaTL,236,2,0.0003589375448671931,1
Ibiceus,142,0,0.0003589375448671931,1
bakuohs,65,0,0.0003589375448671931,1
spideyfan42069,87,0,0.0003589375448671931,1
Melancthe_,138,1,0.0003589375448671931,1
Dr_C_LOS,4167,94,0.0003589375448671931,1
JacksonLennox3,146,0,0.00017946877243359656,1
Swillillilly,688,2,0.0003589375448671931,1
fearthenorms,374,1,0,1
NaukoNSFW,3654,28,0.0003589375448671931,1
KazanNeko,230,5,0.0003589375448671931,1
MusicZelda,2799,13,0.0003589375448671931,1
KinitaArts,1012,8,0.00017946877243359656,1
CrispyDm,94,0,0.00017946877243359656,1
Vohris,859,0,0.00017946877243359656,1
PiundMmel,74,3,0.0003589375448671931,1
plumb0bcrossing,515,1,0.00017946877243359656,1
KioRaka,4088,22,0.0003589375448671931,1
AllBlues2020,8708,130,0.0003589375448671931,1
BreBre_kun,43,1,0.00017946877243359656,1
Channel019,120,8,0.0003589375448671931,1
wlw_yearning,1829,16,0.0003589375448671931,1
ProfessorNerdly,296,8,0.00017946877243359656,1
LyssLyss15,1431,0,0.0003589375448671931,1
TheGreatMoltar,20,2,0.0003589375448671931,1
paolaramone,463,10,0.0003589375448671931,1
AlexMichnowicz,1126,19,0.0010768126346015793,1
Baste_bis,668,1,0.00017946877243359656,1
LouLouCoreSR,430,7,0.0003589375448671931,1
Charsfx,124,0,0.0003589375448671931,1
BluZ_Bird,21,1,0.0003589375448671931,1
FENNECPARTY,3309,26,0,1
BitchImFatJesus,1776,5,0.0003589375448671931,1
Iowpoly,387,9,0.0003589375448671931,1
MatiJeCrois,190,4,0.00017946877243359656,1
UNIQLO_France,21957,134,0.00017946877243359656,1
npcmx,17,2,0.0003589375448671931,1
loogi_07,3259,64,0.00017946877243359656,1
cassioppe,1910,32,0.00017946877243359656,1
goblinoctopus,146,3,0.0003589375448671931,1
Gears_Of_Magic,14,0,0.0003589375448671931,1
ErlexSaiyan,131,0,0.0003589375448671931,1
medievalhistory,16794,404,0.0003589375448671931,1
joethom40668470,5,0,0.0003589375448671931,1
ACinthe715,431,22,0.0003589375448671931,1
KnightoftheLP,2091,10,0.0003589375448671931,1
BadGameRJ,1132,4,0.0003589375448671931,1
Kiphagames,39,0,0.0003589375448671931,1
moonchildstkn,339,8,0.0003589375448671931,1
KrezOfTheWild,44,1,0.0003589375448671931,1
yaoibunga,542,1,0.0003589375448671931,1
3DWorldMag,72108,1633,0.0003589375448671931,1
KAdantchede,2320,7,0.0003589375448671931,1
_Freyja23,299,5,0.0003589375448671931,1
Havas_Events,4680,118,0.00017946877243359656,1
ofnrstudios,1036,9,0.0003589375448671931,1
TeamTheStorm,541,4,0.00017946877243359656,1
AdrienValentin3,4,0,0.0003589375448671931,1
dawnandstars,198,6,0.0003589375448671931,1
TLoZeldaES,631,2,0.0003589375448671931,1
LeSeulFleo,88,1,0.0003589375448671931,1
zackreese,3110,106,0.0003589375448671931,1
bell_ripper94,2216,19,0.00017946877243359656,1
Falipay1,0,0,0.0003589375448671931,1
taball1,2442,50,0.0003589375448671931,1
Selesny,2533,11,0.00017946877243359656,1
James_Librarian,538,5,0.0003589375448671931,1
ALfairhousing,104,1,0.0003589375448671931,1
32XWORLD,3,0,0.00017946877243359656,1
Gungnir626,122,1,0.0003589375448671931,1
ahrtista,49,1,0.0003589375448671931,1
JNButlerArt,1298,25,0.00017946877243359656,1
ElphaReads,307,13,0.0003589375448671931,1
MystiqueSiren,1918,36,0.00017946877243359656,1
RxngelDiego,242,0,0.0003589375448671931,1
SanShou12,3,0,0.00017946877243359656,1
thejustryan,1732,8,0.0005384063173007897,1
_Dayspringg,75,1,0.0003589375448671931,1
JamesAReillyMus,427,3,0.0003589375448671931,1
ImTheUs3r,2594,15,0.0003589375448671931,1
Luke_logans,38,1,0.0003589375448671931,1
Uri_ELOY,288,4,0.00017946877243359656,1
ChumblesFluffy,120,0,0.0003589375448671931,1
ColetteFreedman,9247,58,0.0003589375448671931,1
RossVarner,1550,16,0.0003589375448671931,1
_pedruto,101,1,0.0003589375448671931,1
SurkiTV,355,4,0.00017946877243359656,1
NaviJenkins,307,1,0.0003589375448671931,1
MadCatPersonal,96,5,0.0003589375448671931,1
Chaosriders,75,1,0.0003589375448671931,1
ZenkoLespadon,265,1,0.00017946877243359656,1
brandcodedesign,34722,349,0.0003589375448671931,1
monkqn,8446,8,0.0021536252692031586,1
natashouu,130,5,0.0003589375448671931,1
youngkid9,185,0,0.00017946877243359656,1
majora_rebel,464,4,0.0003589375448671931,1
SuperMegaTrev64,244,3,0.00017946877243359656,1
charlinful,295,2,0.0003589375448671931,1
RoXtendo,1152,3,0.0003589375448671931,1
evantually__,847,7,0.0003589375448671931,1
MaryEllenKatz,263,19,0.0003589375448671931,1
hispterkyooko,120,2,0.0003589375448671931,1
fuegoymar1,187,0,0.0008973438621679828,1
Abejita_love,1506,4,0.00017946877243359656,1
Alluminor,221,2,0.0003589375448671931,1
NoSleevesGaming,9365,32,0.00017946877243359656,1
Sornimmos1,41,0,0.0003589375448671931,1
H3yo__,86,1,0.0003589375448671931,1
NintenZ,1978,59,0.00017946877243359656,1
DiceStew,389,1,0.0003589375448671931,1
AivanSwitch,971,45,0.00017946877243359656,1
YoshiGM,805,6,0.00017946877243359656,1
VintageVanburb,247,1,0.0003589375448671931,1
doofus_dr,47,3,0.0003589375448671931,1
Spicetag,996,271,0.0003589375448671931,1
93rachel_,194,3,0.0003589375448671931,1
bussyking69,7439,8,0.00017946877243359656,1
dudski,787,13,0.0003589375448671931,1
DragonFestival4,736,10,0.0003589375448671931,1
CollectNintendo,3875,27,0.0003589375448671931,1
croatcajun,111,1,0.00017946877243359656,1
AlolanRaichu92,210,5,0.0003589375448671931,1
FluffyOfTheMoon,2042,32,0.00017946877243359656,1
oshuaj,438,41,0.0003589375448671931,1
53_zelda,164,1,0.00017946877243359656,1
Bibblebobert,44,1,0.0003589375448671931,1
FabricMagpie,635,17,0.00017946877243359656,1
HomemakerSudie,98,1,0.0003589375448671931,1
EdgevilleG,89,1,0.0003589375448671931,1
JoyKillB1ll,396,3,0.0003589375448671931,1
HorizonUnion,58984,46,0.00017946877243359656,1
jbell9615,213,1,0.0003589375448671931,1
WBVRich,1807,71,0.0003589375448671931,1
Linksliltri4ce,124,3,0.0003589375448671931,1
XeroxCopycat,1125,42,0.00017946877243359656,1
raidenbestgirl,118,1,0.0003589375448671931,1
DAMI_CORE,154,1,0.0005384063173007897,1
JuanSoloWing,92,10,0.00017946877243359656,1
KitosTV,6801,25,0.0003589375448671931,1
XinguIarity,396,8,0.0003589375448671931,1
kalimonstar,57,1,0.0003589375448671931,1
vrf_rotondo,1426,14,0.0003589375448671931,1
Fehnnis,250,1,0.0003589375448671931,1
schroedingerBox,234,5,0.00017946877243359656,1
Evil827_,22,0,0.0003589375448671931,1
tarantnla,12,0,0.00017946877243359656,1
AndMelee,89,0,0.0003589375448671931,1
GregoryEstall,79,0,0.0003589375448671931,1
predadoalfa,24586,1,0.00017946877243359656,1
ChristinaTasty,30889,72,0.00017946877243359656,1
CageJRPGFanatic,886,28,0.00017946877243359656,1
IsabelleRaven,16419,104,0.00017946877243359656,1
LoserMLW,845,16,0.0007178750897343862,1
sleepytimeposs,375,2,0.0003589375448671931,1
MannoXv,417,7,0.00017946877243359656,1
Reem_ib16,142,5,0.0003589375448671931,1
Axelblvze,166,6,0.0003589375448671931,1
AlexQRyan,1518,46,0.0003589375448671931,1
drummarico,100,3,0.0003589375448671931,1
scrubicius,33,0,0.00017946877243359656,1
ghostblade1999,263,1,0.0003589375448671931,1
kazuleaves,190,10,0.0003589375448671931,1
itsmuffy_,352,2,0.00017946877243359656,1
Sharito742,2296,15,0.00017946877243359656,1
HylianReaper,0,0,0.0003589375448671931,1
terraknight23,48,0,0.0003589375448671931,1
RetroplayerOne1,219,5,0.0003589375448671931,1
NENE_CRATER,122,0,0.0003589375448671931,1
Spartanforlife,125,2,0.0003589375448671931,1
Mr_whistlepig,960,28,0.0003589375448671931,1
srpepe,475,2,0.0003589375448671931,1
JusticeLeague,121583,766,0.00017946877243359656,1
DiabloSensei,92,1,0.0003589375448671931,1
JJtheEnton,803,24,0.0003589375448671931,1
KazinWho,178,6,0.0003589375448671931,1
minion_east,116,3,0.0003589375448671931,1
PMGPSW,475,12,0.0003589375448671931,1
R4CHELRO1H,64,0,0.0003589375448671931,1
RafaGimen3z,1549,18,0.00017946877243359656,1
NeoGAFThreads,317,12,0.0003589375448671931,1
gabrielaperes_,1169,5,0.00017946877243359656,1
Kamrom,18,0,0.0005384063173007897,1
billyK___,758,1,0.0003589375448671931,1
rshunter88,1095,74,0.0003589375448671931,1
Valxea,276,4,0.0003589375448671931,1
The1llusiveMan,409,21,0.0003589375448671931,1
KRoolKountry,6030,22,0.00017946877243359656,1
bry10022,2,0,0.0005384063173007897,1
TimelessHxro,604,4,0.0003589375448671931,1
LegendofRebekah,1241,1,0.0003589375448671931,1
SandyBeachJack,11,0,0.0003589375448671931,1
jakefriend_dev,6237,70,0.00017946877243359656,1
goldeneyedxaela,430,0,0.0003589375448671931,1
CammyWammy0507,1061,28,0.0003589375448671931,1
TruGiffers,4404,22,0.00017946877243359656,1
TheWolfking_29,1906,5,0,1
LazarusTRP,31,0,0.0003589375448671931,1
TheCrossingMio,458,0,0.00017946877243359656,1
zelda_0001,5940,52,0.00017946877243359656,1
news10nbc,126101,911,0.00017946877243359656,1
Hares_Forwen,266,2,0.00017946877243359656,1
eniyoutubermsm,731,5,0.0003589375448671931,1
Hbomberguy,365358,807,0.00017946877243359656,1
BBCNews,13711214,48414,0.00017946877243359656,1
Aplica_Marcao,1693,16,0.0003589375448671931,1
KawaiiMariaUwU,348,5,0.00017946877243359656,1
Press_B_Studios,521,8,0.0003589375448671931,1
frankisame,955,6,0.0003589375448671931,1
csjorda,1618,9,0.00017946877243359656,1
draconetto,227,2,0.0003589375448671931,1
zelda_player_10,66,0,0.00017946877243359656,1
cjelskerlink,214,5,0.0003589375448671931,1
Renart_Dioramas,55,0,0.0003589375448671931,1
PunkishRiot,98,5,0.0003589375448671931,1
tpose_len_sim,355,5,0.00017946877243359656,1
petercaldwell,531,22,0.0003589375448671931,1
TwitchDE,157793,195,0.0003589375448671931,1
zelda_mcrae,35,0,0.00017946877243359656,1
hlgkxticlyv,122,2,0.0003589375448671931,1
Freenicius,729,6,0.00017946877243359656,1
streamr_es,19144,27,0.00017946877243359656,1
Tony_RDTN,927,25,0.00017946877243359656,1
RyanMichero,1074,10,0.0003589375448671931,1
Aimeestrasza,1294,29,0.0003589375448671931,1
OneStepAheadd,129,7,0.0003589375448671931,1
juanmi_talent,157,2,0.00017946877243359656,1
Fenrir12371,64,0,0.0003589375448671931,1
BenjaminoW27,70,0,0.0003589375448671931,1
SaltwaterShard,80,1,0.0003589375448671931,1
rodrigocoelhoc,32872,89,0.00017946877243359656,1
bakapawn,675,14,0.0003589375448671931,1
xaiirofreaza,2838,7,0.00017946877243359656,1
chidaboomer,226,2,0.0003589375448671931,1
nightcrwlrs,585,37,0.0003589375448671931,1
HootyhooCL,9669,53,0.00017946877243359656,1
ohnur_7,166,0,0.0003589375448671931,1
bigthemama,61,1,0.0003589375448671931,1
iamzvr1,63,3,0.00017946877243359656,1
miiscara,6180,23,0.0008973438621679828,1
AShadowLink,762,16,0.0003589375448671931,1
nani6400,15,0,0.00017946877243359656,1
wannacub,1180,26,0.0003589375448671931,1
CDHCast,2751,34,0.0003589375448671931,1
Parachutin_Link,791,6,0.0005384063173007897,1
_MissClick_,33196,124,0.00017946877243359656,1
wafflesOmega,419,7,0.0003589375448671931,1
XeroTek,68,0,0.0003589375448671931,1
VitisSweets,443,6,0.0003589375448671931,1
KSASMROFFICIAL,18661,28,0.00017946877243359656,1
lamerecaduc,1108,7,0.0003589375448671931,1
Anne_Hidalgo,1546038,5114,0.00017946877243359656,1
EPluribusUnumYT,586,4,0.0003589375448671931,1
AxxRess,383,0,0.0003589375448671931,1
HeyoSatsu,87,3,0.00017946877243359656,1
RandomName256,81,0,0.0003589375448671931,1
VanceofJourney,29,0,0.0003589375448671931,1
ExplicitJohnson,282,56,0.0003589375448671931,1
KyminFriends,753,18,0.0003589375448671931,1
UmbraTheHero,123,1,0.00017946877243359656,1
soulkibble,11830,78,0.0003589375448671931,1
Prein_RS,30,1,0.0003589375448671931,1
Longplay_Games,4565,38,0.0003589375448671931,1
RhapeSeuhans,463,2,0.0003589375448671931,1
MST3KOGamers,13,0,0.0003589375448671931,1
ADARKDAYWRITER1,499,8,0.0003589375448671931,1
sunuala,845,5,0.001256281407035176,1
killuanap,89,2,0.0003589375448671931,1
jmiani13,1291,12,0.00017946877243359656,1
Darkshicreation,143,8,0.00017946877243359656,1
MelodynoKakera,49,0,0.0003589375448671931,1
_wishcraft,782,7,0.00017946877243359656,1
ovacionweb,73822,283,0.00017946877243359656,1
CatharineHoey,129403,805,0.00017946877243359656,1
TheeBrianJ,453,15,0.0003589375448671931,1
ToshiroHyuga,168,1,0.0003589375448671931,1
MagicalRhombus,9,0,0.0003589375448671931,1
TheAnomalocaris,368,6,0.0003589375448671931,1
MacchiatoLeMeow,621,0,0.0003589375448671931,1
IRender3d,0,0,0.0003589375448671931,1
GBASPGamer,1355,40,0.0003589375448671931,1
Sefsef_BJ,255,0,0.0003589375448671931,1
spaget_boi,69,2,0.00017946877243359656,1
ultr4nerd,450,0,0.00017946877243359656,1
Miss_Emegemar,107,1,0.00017946877243359656,1
LeMisteriorsous,299,22,0.0003589375448671931,1
Matsuuzo,198,2,0.00017946877243359656,1
IsolateAndChill,848,5,0.0003589375448671931,1
DocOwer,258,1,0.00017946877243359656,1
rosecolorboy,13044,290,0,1
Stealth40k,48864,249,0.00017946877243359656,1
ODellHarmonJr,2068,35,0.0007178750897343862,1
Smileydude689,438,0,0.00017946877243359656,1
SaltyBucksInc,36,0,0.0003589375448671931,1
StrMune,722,6,0.00017946877243359656,1
AdamPannel,48,0,0.0003589375448671931,1
GrayDayStudio,1167,41,0.0003589375448671931,1
Jorphdan,3744,51,0.00017946877243359656,1
ben_alterman,382,15,0.0003589375448671931,1
xbox_awesome,30235,73,0.0003589375448671931,1
johnswayze9958,19,0,0.00017946877243359656,1
LisaHignett,7956,188,0.0003589375448671931,1
Bleach_Bae,14823,63,0.00017946877243359656,1
MrJoeWilde,109,3,0.0003589375448671931,1
JCBLPs,2086,8,0.0003589375448671931,1
howlofdawn,16,0,0.00017946877243359656,1
vriskacoded,1136,28,0.0003589375448671931,1
orcamist,40,1,0.00017946877243359656,1
W1tchin,1732,20,0.0003589375448671931,1
RyanMattson_,27,0,0.0003589375448671931,1
matthew70798,210,3,0.0003589375448671931,1
Promo_Twitch_RT,2513,7,0.00017946877243359656,1
alexc_velo,1162,35,0.0003589375448671931,1
parker_rawrs,1049,14,0.0003589375448671931,1
AshBlossomx,7,0,0.0003589375448671931,1
abyssalcowboy,385,4,0.0003589375448671931,1
RadicalCapitol,89,0,0.0003589375448671931,1
DonaldMustard,1108869,1244,0.00017946877243359656,1
z_y94ger,438,0,0.00017946877243359656,1
fruiteyloopz,723,8,0.0003589375448671931,1
ZackMorrison18,3443,62,0.0005384063173007897,1
Stenzor798,69,3,0.0003589375448671931,1
19myle,520,3,0.00017946877243359656,1
fondaisferal,1670,7,0.0003589375448671931,1
VyperBaby23,915,5,0.00017946877243359656,1
Shiyonasan,141,1,0.0003589375448671931,1
RNinjask,170,5,0.00017946877243359656,1
Velberan,58851,92,0.00017946877243359656,1
betocreativo,1591,40,0.00017946877243359656,1
ChiggityChives,765,3,0.0003589375448671931,1
DantChild,76,2,0.00017946877243359656,1
QvorumN,35,0,0.00017946877243359656,1
RogerEC07,215,0,0.0003589375448671931,1
StreamsEspanol,10151,49,0.00017946877243359656,1
Kike_dleon,527,0,0.00017946877243359656,1
bratspeedruns,1580,7,0.00017946877243359656,1
good_knights21,582,10,0.0003589375448671931,1
Julien_Lesieur,243,9,0.0003589375448671931,1
DXNVSTY,2309,7,0.00017946877243359656,1
jthacker785,26,0,0.0003589375448671931,1
TheQuinnsFavor,1173,15,0.00017946877243359656,1
CavernaGamer,18068,34,0.00017946877243359656,1
HatchlingDM,7754,66,0.0003589375448671931,1
DiegoKermit,3135,47,0.00017946877243359656,1
gamingislifexox,31,2,0.0003589375448671931,1
jamiejjoan,715,5,0.0003589375448671931,1
daraxpon,165,3,0.0003589375448671931,1
GaneneDaGriffox,366,19,0.0003589375448671931,1
AlexRochonVA,12484,47,0.0003589375448671931,1
zomboio,382,2,0.0003589375448671931,1
dotjretion,390,6,0.0003589375448671931,1
BabiiCrittle,128,0,0.0003589375448671931,1
ShonaAdventures,1241,64,0.0003589375448671931,1
RuggedTheDragon,619,30,0.0003589375448671931,1
Crowmiks,108,4,0.0003589375448671931,1
LadyofPineapple,500,2,0.0003589375448671931,1
XC_Gallego,533,24,0.0003589375448671931,1
rhiannonbluebab,237777,359,0.00017946877243359656,1
F_ScottFitz,68026,416,0.0003589375448671931,1
ShakeNBakey,872,0,0.0003589375448671931,1
NeedthatAftussy,227,3,0.0003589375448671931,1
Miketheswan,687,0,0.00017946877243359656,1
3dsKnight,231,12,0.0003589375448671931,1
DavenTylerFultz,1500,9,0.00017946877243359656,1
stein_cami,89,2,0.0003589375448671931,1
mitchprime,88,2,0.0003589375448671931,1
AustinFabejenko,436,2,0.0003589375448671931,1
panda_brady,756,11,0.0003589375448671931,1
manjirv,48,0,0.0003589375448671931,1
sxmi_casa,622,15,0.0003589375448671931,1
Buriii__,3743,4,0.0003589375448671931,1
TheStarWarz,1080,10,0.0003589375448671931,1
Eric_surette1,64,0,0.0003589375448671931,1
LivroArcano,519,13,0.0003589375448671931,1
TheMasterSword9,37,0,0.0003589375448671931,1
Grungeloved,1419,3,0.0003589375448671931,1
Kuniotchi,5502,45,0.00017946877243359656,1
superolimacwrld,190,3,0.0003589375448671931,1
NicoVirgile,82,2,0.0003589375448671931,1
massimozampini,75914,327,0.00017946877243359656,1
speckleofdust,197,3,0.0003589375448671931,1
Fearlessdevilsa,13,0,0.0003589375448671931,1
ChallAcc,44,1,0.0003589375448671931,1
hardfkntimes,187,6,0.0003589375448671931,1
EsterMadRip,1563,8,0.00017946877243359656,1
saulnipolz,580,18,0.0003589375448671931,1
yongriff,314,2,0.0003589375448671931,1
betina_forbeck,323,3,0.00017946877243359656,1
Tsuki_Nova,284,7,0.0003589375448671931,1
milshekas,4728,7,0.00017946877243359656,1
4everblessedd,1178,1,0.0003589375448671931,1
outfortune,30583,474,0.00017946877243359656,1
ZeldaChronicle,847,4,0.0003589375448671931,1
cyberjobmentor,1340,19,0.0003589375448671931,1
carolianna_,1018,9,0.00017946877243359656,1
gvtr0t,361,2,0.0003589375448671931,1
ganberin,457,1,0.0003589375448671931,1
Keanu_uwu,346,8,0.0003589375448671931,1
iPopoffTV,533,3,0.00017946877243359656,1
ephemerisfiles,170,0,0.0003589375448671931,1
128_Commodore,985,10,0.00017946877243359656,1
leonhartcosplay,63,1,0.00017946877243359656,1
Nintendrilo,122,0,0.0003589375448671931,1
Goth_Zelda,135,6,0.00017946877243359656,1
HyrulianJulian,42,0,0.0003589375448671931,1
matt_crognale,267,6,0.0003589375448671931,1
baptiste_fx,66,0,0.0003589375448671931,1
Its_Philch,377,1,0.0003589375448671931,1
crossingcolleen,11202,74,0.0003589375448671931,1
MAGlCVISION,298,2,0.0003589375448671931,1
WildlandsGG,1422,19,0.0003589375448671931,1
thegreatestpyt,374,2,0.00017946877243359656,1
caripeka,21298,7,0.00017946877243359656,1
Prim3LoL,979,37,0.0003589375448671931,1
Robot_Rock25Q,21,0,0.0003589375448671931,1
FistoftheWind,5007,59,0.0003589375448671931,1
HerielP48,622,25,0.0003589375448671931,1
OrdonianWarrior,376,2,0.0003589375448671931,1
McNallyRoberts,365,3,0.0003589375448671931,1
KingofJacks86,1,0,0.0003589375448671931,1
BombchuLinksona,20,0,0.0003589375448671931,1
DaniCanovasLoto,124,3,0.00017946877243359656,1
WZows,138,1,0.0003589375448671931,1
viccaninvest,2290,9,0.0005384063173007897,1
emkayess,383,0,0.0003589375448671931,1
link5469,999,43,0.0003589375448671931,1
cluewoof,2798,13,0.0003589375448671931,1
Anpumon,1045,30,0.0003589375448671931,1
liviasaliba,665,4,0.00017946877243359656,1
I2compoze,321,11,0.0003589375448671931,1
HedaSpycha,290,0,0.0003589375448671931,1
Fresh64_,23,1,0.0007178750897343862,1
sapphicstirling,1108,14,0.0003589375448671931,1
gabbyacnh,197,1,0.0003589375448671931,1
GenshinImpact,3416380,3668,0.00017946877243359656,1
umbreon_shining,121,9,0.0003589375448671931,1
silversoundz,1228,45,0.0003589375448671931,1
fwhite319,734,9,0.00017946877243359656,1
lilly192s,83,0,0.00017946877243359656,1
playtoniaEsport,693,4,0.0003589375448671931,1
ENHYPEN,4959440,18633,0.00017946877243359656,1
paraguayimport,489,0,0.0003589375448671931,1
KungFuMan316,1881,8,0.00017946877243359656,1
dickiesgrayson,1169,24,0.0003589375448671931,1
9ofswordsgames,2957,0,0.0003589375448671931,1
TheMissingYink,2493,34,0.0003589375448671931,1
JoshCloss,324,22,0.00017946877243359656,1
SheikavOficial,4641,19,0.00017946877243359656,1
PixelHunted,495,4,0.0003589375448671931,1
EldritchBlack,4973,121,0.0003589375448671931,1
OxyVideo1,15,0,0.0003589375448671931,1
Mordazio,2178,0,0.0003589375448671931,1
lysihtea,1242,42,0.0005384063173007897,1
heIIpuppy,793,27,0.0003589375448671931,1
JubesNot,240,2,0.0003589375448671931,1
sevverren,69,0,0.0003589375448671931,1
la_usurpadora92,7389,17,0.00017946877243359656,1
Xocoroll,307,5,0.0003589375448671931,1
Star_Kiing,330,5,0.0003589375448671931,1
xParapunzel,57,1,0.0003589375448671931,1
zaphern_,83,1,0.0003589375448671931,1
chiknpoodlesoup,653,25,0.0003589375448671931,1
GameOverJesse,5713,54,0.0005384063173007897,1
mimishiro,42,0,0.0003589375448671931,1
_tARTan_man,246,3,0.00017946877243359656,1
dr_davidsanchez,731,24,0.0003589375448671931,1
TerenceMcDona14,382,9,0.0003589375448671931,1
TheArbulu,1018,19,0.00017946877243359656,1
fatgodass,33,0,0.00017946877243359656,1
8PercentErik,289,4,0.0003589375448671931,1
WadeDMcGinnis,302,0,0.0003589375448671931,1
OlToons,1607,10,0.0003589375448671931,1
kristenmingl,542,9,0.00017946877243359656,1
SebStrife,64,6,0.0003589375448671931,1
LunaLoonah,28,0,0.0003589375448671931,1
LegitReed24,193,0,0.00017946877243359656,1
MisterDanteTV,584,2,0.0003589375448671931,1
Tru_Lil_Joker,367,2,0.0003589375448671931,1
Kiraofthewind1,19533,132,0.0003589375448671931,1
AldenEtraWrites,25,0,0.00017946877243359656,1
_KittenIzzy,53,1,0.0003589375448671931,1
imklubb,259,1,0.0003589375448671931,1
pulsfeuer,1195,37,0.00017946877243359656,1
StormBreakerTV,36692,33,0.00017946877243359656,1
misteruplay2016,2468,4,0.0003589375448671931,1
Kleiniken,65,0,0.0003589375448671931,1
ruru_art96,185,3,0.0003589375448671931,1
inel,5541,77,0.0003589375448671931,1
FGC_Qiom,900,2,0.00017946877243359656,1
JEVlLtheguy,156,2,0.0003589375448671931,1
StablerPond16,18,1,0.0003589375448671931,1
BigDilGamer,1465,33,0.0003589375448671931,1
ArcturusChusky,3493,18,0.0003589375448671931,1
Yugo_II,687,4,0.0003589375448671931,1
GARVI7na187,1220,8,0.0003589375448671931,1
McSkirt_,3337,41,0.0003589375448671931,1
lIJCThorntonll,6781,21,0.0003589375448671931,1
StumpsMuffin,19,0,0.00017946877243359656,1
tmanusaki,22,0,0.0003589375448671931,1
Kman_CZ,427,6,0.0003589375448671931,1
_billy_martin,14809,31,0.0003589375448671931,1
FettTag,27,0,0.0003589375448671931,1
MercurialMiss,5346,99,0.0003589375448671931,1
inawoodenhouse,1219,36,0.0003589375448671931,1
JZPhilosophy,7692,48,0.00017946877243359656,1
MichyCaniz,65,1,0.0003589375448671931,1
Kamitsu_Jaffa,174,1,0.0003589375448671931,1
lucas_yeti,3,0,0.0003589375448671931,1
rainbine94,73,0,0.00017946877243359656,1
FireFistJonny,191,9,0.0003589375448671931,1
SlyFoxHound,313401,677,0.00017946877243359656,1
Suda51,542,25,0.0003589375448671931,1
SpectralAurora_,5701,30,0.0003589375448671931,1
MrViPR,181,6,0.00017946877243359656,1
mad_whovian,850,43,0.0003589375448671931,1
frecklewishes,181,9,0.0003589375448671931,1
JRico_32,391,61,0.0003589375448671931,1
catboytatsuya,194,3,0.0003589375448671931,1
RdotChadha,31150,155,0.00017946877243359656,1
GotoGothelf,57,3,0.0003589375448671931,1
legendofthicc,1549,51,0.0003589375448671931,1
Ciely55133754,4,0,0.00017946877243359656,1
TLGDoesThings,127,0,0.0003589375448671931,1
JooGilmore,80,1,0.00017946877243359656,1
Musetrigger,252,3,0.0005384063173007897,1
gwklein75,93,1,0.0003589375448671931,1
sporkyreeve,1066,61,0.0003589375448671931,1
jackandsomegecs,571,0,0.0003589375448671931,1
alicedembowsky,1208,1,0.00017946877243359656,1
Personguy242,200,2,0.0003589375448671931,1
PushDustIn,46722,137,0.00017946877243359656,1
teamcoachella,324,6,0.0003589375448671931,1
nthnvn,42,1,0.00017946877243359656,1
Indestructoboy,433,5,0.00017946877243359656,1
reese_jackson12,19,0,0.0003589375448671931,1
GizwuRach,286,3,0.0003589375448671931,1
ThatEmTiOne,273,11,0.0003589375448671931,1
DaniTaboadaL,109,5,0.0003589375448671931,1
magpieaj,1187,20,0.00017946877243359656,1
Romojr50,49,4,0.0003589375448671931,1
allennfantastic,43,0,0.0003589375448671931,1
ingenexpert,1925,15,0.0008973438621679828,1
HyliasWisdom,230,0,0.0003589375448671931,1
TheNCSmaster,10872,53,0.00017946877243359656,1
YumaVY2Bot,39,0,0.00017946877243359656,1
ciatokins,886,4,0.0003589375448671931,1
masterpigYT,105,3,0.00017946877243359656,1
Getupkid1284,14,0,0.0003589375448671931,1
BarbeXceed,55,1,0.0003589375448671931,1
Cloverzkitcat,130,1,0.0003589375448671931,1
Luna_Pixu,156,7,0.0003589375448671931,1
Surturfdp,403,0,0.00017946877243359656,1
YXURITR0V,576,4,0.0003589375448671931,1
DarthGuyford,1437,7,0.0003589375448671931,1
The_NiggaPocoyo,282,1,0.0003589375448671931,1
Ezelf101,104,0,0.0003589375448671931,1
SnackzWWR,74,0,0.0003589375448671931,1
NathanPurcell56,197,2,0.0003589375448671931,1
HipHarbinger,276,7,0.00017946877243359656,1
Fermagna,2890,0,0.00017946877243359656,1
8no3ka,7854,33797,0.0003589375448671931,1
honeybakedtea,209,1,0.0003589375448671931,1
Saruchango,4281,21,0.00017946877243359656,1
BeLucina_87,770,6,0.0003589375448671931,1
__fendetestas,39,0,0.0003589375448671931,1
Nozem301,8,1,0.0003589375448671931,1
BraveTheVault,564,6,0.00017946877243359656,1
Tabbychu,997,26,0.0003589375448671931,1
CStrable,655,15,0.0003589375448671931,1
fdpdu38,212,0,0.0003589375448671931,1
NateMing,4089,81,0.0003589375448671931,1
TempestDriver,20,10,0.0008973438621679828,1
KrevzzSSB,68,1,0.0003589375448671931,1
fleur_de_LA,180,2,0.0003589375448671931,1
Fomar0153,188,0,0.0003589375448671931,1
rayofsunshan,1726,1,0.0003589375448671931,1
NikkoTheCurious,277,1,0.0003589375448671931,1
StevieG19,215,0,0.0003589375448671931,1
RosweeSon,346,3,0.0003589375448671931,1
max_ellendale,997,25,0.0003589375448671931,1
RoadoutGame,5376,67,0.00017946877243359656,1
olliedaolive,97,2,0.0003589375448671931,1
Silver_00700,16345,43,0.0003589375448671931,1
Awilamunchi,78,2,0.0003589375448671931,1
SinDeath_,310,3,0.0003589375448671931,1
JayLegend87th,110,3,0.0003589375448671931,1
LickVanDyke,308,2,0.0003589375448671931,1
Paddypuuh,93,0,0.00017946877243359656,1
t_pollo,127,0,0.00017946877243359656,1
ellie_tanuki,47,0,0.0003589375448671931,1
Spectrumbots42,3581,11,0.0003589375448671931,1
hosytama,180,2,0.0003589375448671931,1
JuniorLockz22,225,4,0.0003589375448671931,1
samwise495,11,0,0.0003589375448671931,1
WhiteMageJenny,15163,58,0.0003589375448671931,1
GayVinJackal,370,4,0.0003589375448671931,1
Kennyeustaquio,156,1,0.0003589375448671931,1
cell_0801,2520,22,0.0003589375448671931,1
Mirsanxo,55,1,0.0003589375448671931,1
WisdomRain_,1030,21,0.0003589375448671931,1
awintory,37636,493,0.00017946877243359656,1
MrNantendo,2498,18,0.0003589375448671931,1
GMarrades,339,0,0.00017946877243359656,1
T_Sharp50,63,3,0.0003589375448671931,1
kaytea48,713,9,0.00017946877243359656,1
SirLucienGaming,382,4,0.00017946877243359656,1
Torteweeenie,25,4,0.0003589375448671931,1
CosmicMinun59,452,10,0.0003589375448671931,1
carel_angel,36,0,0.0005384063173007897,1
BubbleKirby77,246,0,0.0003589375448671931,1
dthmtlhrmt,865,3,0.0003589375448671931,1
OliZombieweasel,149,3,0.0003589375448671931,1
SolaScientia7,46,1,0.0003589375448671931,1
Ninqueso1,44,0,0.0003589375448671931,1
Sherwood361,195,1,0.0003589375448671931,1
Fishfriedcat,577,4,0.00017946877243359656,1
un_mauro_mas,530,2,0.0003589375448671931,1
TheCTeamPodcast,65,1,0.0003589375448671931,1
SarahHooker,545,12,0.0003589375448671931,1
Asensii20,5611,18,0.00017946877243359656,1
TheHawkAbridged,937,16,0.0003589375448671931,1
ZeRoMMX,1273,34,0.0003589375448671931,1
Lt_Stardust,173,1,0.0003589375448671931,1
ORAKOLMUSIC,393,2,0.0003589375448671931,1
charliejane,54614,1556,0.00017946877243359656,1
papajoueur_,48,1,0.0003589375448671931,1
LegendofZee,902,2,0.00017946877243359656,1
Cascadena,144,7,0.0003589375448671931,1
AndellJonh,1,0,0.0008973438621679828,1
ShisuRandom,799,13,0.00017946877243359656,1
YEERKPEEL,111,0,0.0003589375448671931,1
chosenjeremy,499,4,0.0003589375448671931,1
iLeiro,2268,11,0.00017946877243359656,1
mrqz94,74,0,0.0003589375448671931,1
KillaMcGilacuty,552,1,0.0003589375448671931,1
KamuiGakupo_F,13,0,0.00017946877243359656,1
Pearl_Zelda,288,3,0.00017946877243359656,1
oSeabass208,156,3,0.0003589375448671931,1
alexisvalarr,172,48,0.0003589375448671931,1
ROneOSix,32,0,0.0003589375448671931,1
TylerMalicos,1164,3,0.00017946877243359656,1
LdOthilia,148,0,0.0003589375448671931,1
MarcialC,615,0,0.0003589375448671931,1
YaBoiJoel96,36,1,0.0003589375448671931,1
bruhorhiiii,54,0,0.0003589375448671931,1
FlameExists,906,8,0.0003589375448671931,1
_Doormouse_,4,0,0.0003589375448671931,1
ElAmigo_Piedra,67,2,0.0003589375448671931,1
boombooshoot,445,9,0.00017946877243359656,1
YetChannel,130,0,0.00017946877243359656,1
atalibadn,140,2,0.0003589375448671931,1
kranchdressing,13,0,0.0003589375448671931,1
sergentknox,222,0,0.0003589375448671931,1
doodybeardLIVE,11948,28,0.00017946877243359656,1
PeterLescaille,4,0,0.0003589375448671931,1
DonYagamoth,1844,19,0.0003589375448671931,1
balawii_,133,1,0.0003589375448671931,1
Flooofy_kitten,35,0,0.0003589375448671931,1
jordanlynde_,8846,43,0.00017946877243359656,1
Mewtime_,276,0,0.0003589375448671931,1
lakehylia,180,12,0.0003589375448671931,1
PNPGames,2382,29,0.0003589375448671931,1
rygarde,246,1,0.0003589375448671931,1
JustinWicker,274,11,0.0003589375448671931,1
sonofblaine,159,6,0.0003589375448671931,1
LayneNeko,237,2,0.0003589375448671931,1
weather_horse,54,1,0.0003589375448671931,1
LVMH,176011,1220,0.00017946877243359656,1
StardustBean,120,1,0.0003589375448671931,1
AlanDefibaugh,654,39,0.0003589375448671931,1
Sarah_xr11,143,1,0.0003589375448671931,1
magneion,367,4,0.00017946877243359656,1
JohnWPattee,427,4,0.0003589375448671931,1
Megajon110,47,0,0.0003589375448671931,1
MsStefaniTV,774,12,0.00017946877243359656,1
PureGreenBlood,888,7,0.0003589375448671931,1
zeldacrush,2167,1,0.00017946877243359656,1
samansu21,27,1,0.0003589375448671931,1
cherrybobombs,139,1,0.0003589375448671931,1
the_homebakery,1379,14,0.0003589375448671931,1
unknownkadath0,197,0,0.00017946877243359656,1
overlord_king,181,2,0.0003589375448671931,1
FAdvenae,35,1,0.00017946877243359656,1
yeah_jaclynn,105,3,0.0003589375448671931,1
O_lixone,600,5,0.0003589375448671931,1
Wyndygo,100,0,0.0003589375448671931,1
Mdwg59,503,3,0.0003589375448671931,1
Olimp_SA,1494,10,0.00017946877243359656,1
GrizzlyBrew_,2317,16,0.00017946877243359656,1
JudiciousAlien,23,0,0.0003589375448671931,1
Pawel_Luki,277,0,0.0003589375448671931,1
hallwaygamesdev,3143,30,0.0003589375448671931,1
uttmarvelous,1036,17,0.0003589375448671931,1
NamiizuTTV,2916,28,0.00017946877243359656,1
MoniPandas,2231,17,0.0003589375448671931,1
danidurantula,6201,4,0.0003589375448671931,1
prime_retro,4989,49,0.00017946877243359656,1
Ellie_Snake,283,0,0.0003589375448671931,1
TerminalMontage,64905,53,0.00017946877243359656,1
skipperrocks25,64,0,0.0003589375448671931,1
KekoKid,13,1,0.0003589375448671931,1
hojasecafrank,302,4,0.0003589375448671931,1
IStanGanondorf,928,8,0.0003589375448671931,1
nescartridges,10687,82,0.0003589375448671931,1
BereniceDiazG,4256,49,0.00017946877243359656,1
DNAP13_,50,3,0.0003589375448671931,1
roboburrito,281,9,0.0003589375448671931,1
itotallyagree0,6,0,0.0003589375448671931,1
Einsiety,38,0,0.0003589375448671931,1
woolimusic,73083,132,0.00017946877243359656,1
F_The_System420,300,0,0.0003589375448671931,1
Zillo_X,194,3,0.00017946877243359656,1
DirtyCheetah91,3797,19,0.00017946877243359656,1
NinWire,87056,453,0.0003589375448671931,1
AntwanTheGod,31,0,0.0003589375448671931,1
RamenSymbiote,792,54,0.0003589375448671931,1
GoronGuy123,548,10,0.0003589375448671931,1
StreamersApoyo,2281,8,0.00017946877243359656,1
afrocommunism,515,3,0.0003589375448671931,1
Loufbread_,57,3,0.0003589375448671931,1
DemiDragonborn,79,0,0.00017946877243359656,1
lizarnost,88,1,0.0003589375448671931,1
baXschi,90,5,0.0003589375448671931,1
JoeSchermann,242,12,0.0003589375448671931,1
GuinnessION,164,1,0.0003589375448671931,1
_pavornocturnus,773,0,0.0003589375448671931,1
zavvi,59800,489,0.0003589375448671931,1
JaseThomasYT,235,12,0.0003589375448671931,1
PRIMESPEED,1215,8,0.0003589375448671931,1
PhantomFalconSB,148,1,0.0003589375448671931,1
slicedbagel,49,1,0.0003589375448671931,1
madamgazel1,955,0,0.0003589375448671931,1
BgRdEngineer,150,8,0.0003589375448671931,1
lol4zzz,241,0,0.0003589375448671931,1
Precocious_momo,324,11,0.0003589375448671931,1
Mett_Moir,472,2,0.0003589375448671931,1
Danksodas,16,1,0.00017946877243359656,1
VenomKitetsu,32,0,0.0003589375448671931,1
sirclinksalot,698,23,0.0003589375448671931,1
LumaMariposa,8703,90,0.00017946877243359656,1
_Corvi_,319,13,0.0003589375448671931,1
LutherLittle10,921,0,0.00017946877243359656,1
Retr0Squid,382,3,0.0003589375448671931,1
Gael_Vulture,1325,3,0.0005384063173007897,1
De_Assis98,0,0,0.00017946877243359656,1
RoseyMoogle,35,1,0.0003589375448671931,1
DarkAuraChannel,237,2,0.0005384063173007897,1
ZedoxPapaia,7,0,0.00017946877243359656,1
sucrxses,0,0,0.00017946877243359656,1
jcrawf74,219,5,0.0003589375448671931,1
s1lverFoX,1228,10,0.0003589375448671931,1
_TheAlarmClock_,208,0,0.0003589375448671931,1
sebaXhvnter,230,15,0.0003589375448671931,1
DragonfireDRG,226,2,0.0003589375448671931,1
ImZ_yt,138,0,0.0003589375448671931,1
MoonPaladin,164,0,0.00017946877243359656,1
leeesoe,519,0,0.0003589375448671931,1
pizarrinha,788863,1538,0.00017946877243359656,1
EnnaMdl,186,3,0.0003589375448671931,1
Gaawachan,400,3,0.0003589375448671931,1
mattp393,58,1,0.00017946877243359656,1
Carsonogenics,309,13,0.0003589375448671931,1
grossanez,329,1,0.0003589375448671931,1
SirWillisIV,966,0,0.0003589375448671931,1
_sugarmoonlight,331,2,0.0003589375448671931,1
MarcheX800,289,1,0.0003589375448671931,1
KeatonPrime,10,0,0.0003589375448671931,1
crumbly105,20,0,0.0003589375448671931,1
ugly_twt,316,1,0.0003589375448671931,1
SkyloftSword,112,1,0.0003589375448671931,1
Squiblon,1414,42,0.0003589375448671931,1
SM_Horseman,846,5,0.0003589375448671931,1
OmgMoreJames,2412,19,0.0003589375448671931,1
Trish_Bogart,1611,15,0.0003589375448671931,1
tinkertown,803,15,0.00017946877243359656,1
blackhey50,686,20,0.0003589375448671931,1
kalufurret,858,9,0.0003589375448671931,1
bagel_chris,467,5,0.0003589375448671931,1
LittleBobbyTV,340,5,0.0003589375448671931,1
Haniyadhaniya,262,1,0.0003589375448671931,1
Blueeyedatlas,30,0,0.0003589375448671931,1
2170cell,4788,60,0.00017946877243359656,1
artbyjacstudio,48132,414,0,1
VicenteAlmerich,13419,24,0.0003589375448671931,1
YourDudeAedus,689,12,0.00017946877243359656,1
chimpchilin,463,3,0.0003589375448671931,1
roccozoom,52,0,0.0003589375448671931,1
clearofthedoors,16,0,0.0003589375448671931,1
indigojinjo,2694,12,0.00017946877243359656,1
TheLarchive,84,5,0.0008973438621679828,1
emiratesbailey,188,13,0.0003589375448671931,1
notsoartistic,212,6,0.0003589375448671931,1
SrirachaSSB,65,0,0.0003589375448671931,1
ioiosano,1958,3,0.00017946877243359656,1
ritsuka_,1414,74,0.00017946877243359656,1
Lexingtonbanner,314,0,0.0007178750897343862,1
TwilightSenpai,198,0,0.0003589375448671931,1
tf2fanboy_,190,3,0.0003589375448671931,1
SeaShepherdFran,61319,352,0.00017946877243359656,1
GTYouknowit,746,12,0.0003589375448671931,1
barkbox,306838,542,0.0003589375448671931,1
piousbody,216,2,0.0003589375448671931,1
AdrJS,849,2,0.0003589375448671931,1
jadeofIan,123,3,0.00017946877243359656,1
HGemsReviews,104,0,0.0003589375448671931,1
sammy_i_am26,772,1,0.0003589375448671931,1
sabrinanetflix,231887,329,0.00017946877243359656,1
ryd3r_96,36,1,0.0003589375448671931,1
MefostFernandez,901,8,0.0003589375448671931,1
Moncler,1124658,774,0.00017946877243359656,1
MontiporaSetosa,2107,1,0.0003589375448671931,1
zeldacw,67979,339,0.00017946877243359656,1
DaRollinStonrr,538,17,0.0003589375448671931,1
CarlaZambelli38,1503332,1838,0.00017946877243359656,1
oopimp420,12,0,0.0003589375448671931,1
ttttom23,102,9,0.0003589375448671931,1
rustyrusk_,630,1,0.00017946877243359656,1
CadenitaGT,3252,12,0.00017946877243359656,1
Skyster2020,105,0,0.00017946877243359656,1
thegam3rkit,153,1,0.0003589375448671931,1
aubarista,420,1,0.0003589375448671931,1
bulldogchess,54,0,0.0003589375448671931,1
kyute_krissy,109,1,0.0003589375448671931,1
AlterPichu,52,0,0.0003589375448671931,1
lucasGo_art46,42,1,0.0003589375448671931,1
what_the_heath,75,1,0.0003589375448671931,1
ThPersian,100,3,0.0003589375448671931,1
zwind95,124,5,0.0003589375448671931,1
GyrosGoethe,387,0,0.00017946877243359656,1
Zausenn,39,0,0.0003589375448671931,1
GenmaTheSamurai,239,10,0.0003589375448671931,1
robotspacefish,250,2,0.0003589375448671931,1
Unapathetic,2557,18,0.00017946877243359656,1
thatfunkywizard,232,3,0.0003589375448671931,1
fitz__bot,21,0,0.0003589375448671931,1
dvorak,369,8,0.0003589375448671931,1
retrokuja,33,1,0.0003589375448671931,1
Mapashe01,864,49,0.0003589375448671931,1
cabracabral,400,4,0.0003589375448671931,1
hoochiepapa99,255,3,0.0003589375448671931,1
neunzehnn_,590,4,0.0003589375448671931,1
Vicas3,2476,29,0.0005384063173007897,1
ChallisIOW,430,23,0.00017946877243359656,1
SquidMechanicus,838,5,0.0003589375448671931,1
sxturnvhs,1070,15,0.0003589375448671931,1
NatalieeCatalie,2751,6,0.00017946877243359656,1
rams830,784,0,0.0003589375448671931,1
KaloKeru,327,4,0.0003589375448671931,1
SNogg3,1949,12,0.0003589375448671931,1
RBCBrandiCFP,293,3,0.00017946877243359656,1
SombraSST,393,2,0.0003589375448671931,1
itsMarticle,17,0,0.0003589375448671931,1
vondarlours,788,2,0.00017946877243359656,1
Slonbn,313,5,0.0003589375448671931,1
unity3d,19621,274,0.00017946877243359656,1
MarzDead,0,0,0.00017946877243359656,1
smol_Joey,307,2,0.00017946877243359656,1
malm_magnus,297,9,0.0003589375448671931,1
UTAUWillowBot,34,7,0.0003589375448671931,1
raetara1,60,4,0.0003589375448671931,1
animetwunk,60741,48,0.00017946877243359656,1
TGA_Geekdom,177,0,0.00017946877243359656,1
duckvalentine,15999,178,0.00017946877243359656,1
knollzera,82,4,0.0003589375448671931,1
blackantivenom,5245,17,0.0003589375448671931,1
musicomp83,2072,50,0.0003589375448671931,1
SeanMadson,2968,48,0.0003589375448671931,1
CriadorMago,509,4,0.0003589375448671931,1
GayHorrorGeekCT,1335,7,0.0003589375448671931,1
paysoon_,50,0,0.0003589375448671931,1
LucasMoll,1991,46,0.0003589375448671931,1
curranrice,340,3,0.0003589375448671931,1
dorquoise,290,5,0.0003589375448671931,1
wlwqinq,56,0,0.0003589375448671931,1
Guide_Sorcery,93,1,0.0003589375448671931,1
soygendou,3215,54,0.00017946877243359656,1
amoymon_,122,2,0.0003589375448671931,1
GhostRooster60,394,10,0.0003589375448671931,1
SeanMason96,394,13,0.0003589375448671931,1
SakuraSamurai5,104,4,0.0003589375448671931,1
feeshie_,591,8,0.0005384063173007897,1
Zumatramo,158,2,0.00017946877243359656,1
Bouzyslol,304,7,0.0003589375448671931,1
GiantSquidology,25703,279,0.00017946877243359656,1
azurephoenix818,18,0,0.0003589375448671931,1
ForetellersL,384,13,0.0003589375448671931,1
NoContxTweets,1,0,0.00017946877243359656,1
jaylemonfer,53,0,0.0003589375448671931,1
LaGranCN,5893,31,0.0003589375448671931,1
JarlMaxi,1193,6,0.0003589375448671931,1
MarieMoments_,190,6,0.0003589375448671931,1
Jonzor234,75,0,0.0005384063173007897,1
Hailblue1569,258,1,0.00017946877243359656,1
dreamingnoctis,2397,20,0.00017946877243359656,1
joojtabem,30,0,0.0003589375448671931,1
cubewatermelon,30428,384,0.0003589375448671931,1
asphaltgekuesst,135,9,0.0003589375448671931,1
erinbrockobic,1294,4,0.0003589375448671931,1
PEACHVALENTlNE,1052,8,0.0003589375448671931,1
BigNick_Gaming,154,4,0.00017946877243359656,1
PrimeBrendan,6161,22,0.0003589375448671931,1
JessMcDonaldVO,259,2,0.0003589375448671931,1
DorkAssWeeb790,431,4,0.0003589375448671931,1
LooreCJ,264,0,0.00017946877243359656,1
BrandJAlexander,1414,32,0.0003589375448671931,1
KAOSN00B,99,2,0.0003589375448671931,1
GobblerGaming,3,0,0.00017946877243359656,1
The_Stargazer,2331,143,0.0003589375448671931,1
windafallACNH,1840,15,0.0003589375448671931,1
DAZAIANTl,0,0,0.00017946877243359656,1
SketchyBombs,246,5,0.00017946877243359656,1
pocketlugias,99,1,0.0003589375448671931,1
kiwimonogatari,2718,22,0.0003589375448671931,1
emilyfatcakee,186,1,0.0003589375448671931,1
JesseNiven,420,28,0.0003589375448671931,1
ArtsyLizzy82,1113,31,0.0003589375448671931,1
newbornkilik,174,4,0.0003589375448671931,1
bxnnygas,1448,19,0.0003589375448671931,1
einfachDuke,79,2,0.0003589375448671931,1
Michelinico96,544,10,0.0003589375448671931,1
SpartanOoof,242,20,0.00017946877243359656,1
Barnabybear70,1457,2,0.00017946877243359656,1
vimesy74,430,29,0.00017946877243359656,1
nebulousjaq,427,1,0.00017946877243359656,1
mabarcelosap,31243,14,0.00017946877243359656,1
denossh,2439,13,0.00017946877243359656,1
hellfirebotiv,64,1,0.0003589375448671931,1
TasherTv,1742,19,0.0003589375448671931,1
Ariwl1Ray,48,0,0.0003589375448671931,1
otakusaucel0rd,36,0,0.0003589375448671931,1
Ifremer_fr,20127,493,0.00017946877243359656,1
RBCRJennings,277,0,0.00017946877243359656,1
doctorLURK,104,4,0.0003589375448671931,1
VGO_Tweets,2152,71,0.0003589375448671931,1
SbeveTM,71,0,0.00017946877243359656,1
saqlfaith,232,3,0.0003589375448671931,1
lasagnaed,161,1,0.0003589375448671931,1
mevans2703,725,1,0.00017946877243359656,1
Frukuri,682,11,0.00017946877243359656,1
Scarmez_TTV,63,1,0.0003589375448671931,1
laiwane,404,0,0.0003589375448671931,1
Icewoolf365,863,21,0.0003589375448671931,1
lucky_number113,83,1,0.0003589375448671931,1
kingschnoodle,120,1,0.0003589375448671931,1
zachwoliner,278,2,0.0003589375448671931,1
faiiryfaiiry,18891,75,0.0003589375448671931,1
HylianJayYT,345,12,0.0005384063173007897,1
pThuggin_,617,6,0.00017946877243359656,1
AngryExpo,270,16,0.0003589375448671931,1
IndieFgc,461,2,0.00017946877243359656,1
desertgranite,438,7,0.0003589375448671931,1
Alissonlittig,105,0,0.00017946877243359656,1
ZalYagunRyai,5,0,0.0003589375448671931,1
viralrak,516,18,0.0003589375448671931,1
meatballsndwch,291,2,0.0003589375448671931,1
xiaoanemo,412,3,0.00017946877243359656,1
cuerdasfuera,11040,266,0.00017946877243359656,1
pisxes_chi,12341,270,0.0003589375448671931,1
SimonGojcevic,34,0,0.0003589375448671931,1
NeikoCat,514,3,0.0005384063173007897,1
AryantiFany43,113,5,0.0003589375448671931,1
ShinMorgnTensei,115,6,0.0003589375448671931,1
arch1tectj,316,3,0.0003589375448671931,1
yatoraguchis,139,3,0.0003589375448671931,1
MatrixAM2,129,3,0.0003589375448671931,1
ParasiteElle,638,7,0.0003589375448671931,1
DanielKalban,2575,78,0.0003589375448671931,1
lateVaporeon,229,4,0.00017946877243359656,1
Dantendo64,1004,15,0.0003589375448671931,1
Roblox,4695719,2783,0.00017946877243359656,1
FarahnMorgan,4206,16,0.00017946877243359656,1
ThunderTgrGames,20,0,0.0003589375448671931,1
orionbc84,414,26,0.0003589375448671931,1
DonBugen,1073,7,0.0003589375448671931,1
SmellyCandle42,121,3,0.00017946877243359656,1
Buster5ive,33,2,0.0005384063173007897,1
ChrisReeves109,22,0,0.0003589375448671931,1
busaiku_knee,43,0,0.0003589375448671931,1
Bloops_,1170,25,0.00017946877243359656,1
Norman_Maggot,176750,861,0.00017946877243359656,1
noboyocestmoi,404,5,0.0003589375448671931,1
776Marz,234,11,0.0003589375448671931,1
TheDunkarooni,12,1,0.0003589375448671931,1
Shake_Well,1373,72,0.00017946877243359656,1
tyranbugle,231,6,0.00017946877243359656,1
huiophi,253,2,0.0003589375448671931,1
IdasLoL,134,0,0.0003589375448671931,1
GoodThings2Life,0,0,0.00017946877243359656,1
Daugher_of_Cosy,1496,0,0.00017946877243359656,1
fiireinyoureyes,1900,13,0.00017946877243359656,1
SE__Podcast,2578,16,0.0003589375448671931,1
YoBoiDaRock,3,0,0.00017946877243359656,1
DracoWolf92,105,0,0.0003589375448671931,1
Nintendron,1521,18,0.00017946877243359656,1
Real_Atomsk,20,2,0.0003589375448671931,1
Allipses,288,1,0.0003589375448671931,1
VJShordee444,16882,81,0.0003589375448671931,1
obitrie_,41,0,0.00017946877243359656,1
FR4NB0T,47,1,0.0003589375448671931,1
jonathan_simps,42,0,0.0003589375448671931,1
DisasterFemRoe,536,5,0.0003589375448671931,1
urgamerdad,128,0,0.0003589375448671931,1
Oso__peluche,670,1,0.0003589375448671931,1
Hamid_hamdan,247,0,0.0003589375448671931,1
nemofio_,232,7,0.0003589375448671931,1
RoxaLink,558,26,0.0003589375448671931,1
Barzi_,259,5,0.0003589375448671931,1
LioOneMorePixel,352,8,0.0005384063173007897,1
CaudilloFranco2,152,2,0.0003589375448671931,1
RestileZoderso,343,3,0.0003589375448671931,1
kasldjfdks,255,1,0.0003589375448671931,1
Pixcelerator,9509,712,0.00017946877243359656,1
aratrium,170,1,0.00017946877243359656,1
Samcer_,950,0,0.0003589375448671931,1
plushkinz,125,3,0.0003589375448671931,1
unnosequien,359,8,0.00017946877243359656,1
TimSandals,68,2,0.0003589375448671931,1
CeePaz114,674,4,0.0003589375448671931,1
realPuckball,7568,5,0.00017946877243359656,1
paraleloss,487,16,0.00017946877243359656,1
WaterGames7,59,0,0.00017946877243359656,1
ColdBac,742,8,0.0003589375448671931,1
LimeSlushy,124,3,0.0003589375448671931,1
TheSnappyFrog,17,1,0.0003589375448671931,1
SarahElizaBrunt,189,1,0.00017946877243359656,1
nico1e_snow,221,6,0.0003589375448671931,1
Caeoleth,176,0,0.0003589375448671931,1
NinCartSociety,296,8,0.0003589375448671931,1
LocapBot,87,1,0.0003589375448671931,1
OatsNHenny,990,1,0.00017946877243359656,1
slexpyheadd,44,1,0.0003589375448671931,1
LoWolf13,255,2,0.0003589375448671931,1
izzynobre,154077,1304,0.00017946877243359656,1
JacobAllen918,75,0,0.0003589375448671931,1
Echo_Ladair,56,0,0.0003589375448671931,1
shadviio,231,6,0.0003589375448671931,1
rosapocas,31,1,0.0003589375448671931,1
orubegamestudio,4302,61,0.00017946877243359656,1
Dogdehj,581,5,0.0003589375448671931,1
emoecringe,87,0,0.0003589375448671931,1
ExquisiteRed,355,0,0.0003589375448671931,1
NateSnow11,8,0,0.0003589375448671931,1
Faro656,103,0,0.00017946877243359656,1
tyuzinhuh,149,1,0.0003589375448671931,1
Kirbykomix,895,23,0.00017946877243359656,1
LotsofLams,103,0,0.00017946877243359656,1
tshope56,69,0,0.00017946877243359656,1
MichaelLeek1,3933,289,0.0003589375448671931,1
witchymnk,83,0,0.0003589375448671931,1
IanDur17,28,0,0.0003589375448671931,1
tanith_kane,353,0,0.0003589375448671931,1
moniortizza,63,0,0.0003589375448671931,1
goddamnitlgt,608,4,0.0003589375448671931,1
RetroGameLovers,5560,91,0.00017946877243359656,1
N8W0LF,605,19,0.0003589375448671931,1
ClariceCosplay,1242,0,0.0003589375448671931,1
killxaviii,390,0,0.0003589375448671931,1
d_arm28,85,3,0.0003589375448671931,1
JennBeautiful,4055,13,0.0003589375448671931,1
DGamesters,230,0,0.0003589375448671931,1
lopez089_Ka,318,0,0.0003589375448671931,1
tomek2773,5,0,0.00017946877243359656,1
therenesance,1248,11,0.0003589375448671931,1
SenatorBoners,253,4,0.0003589375448671931,1
torteen,22146,754,0.00017946877243359656,1
jbrizzle92,590,24,0.0003589375448671931,1
Cratawer44,96,0,0,1
holastreamer,8452,150,0.00017946877243359656,1
shawnnhl,393,0,0.0003589375448671931,1
BleachedInk,625,11,0.0003589375448671931,1
MarkCushen87,1310,5,0.0003589375448671931,1
Roxas_The_Cat,256,0,0.0003589375448671931,1
Papahrf,535,8,0.0003589375448671931,1
eve_chuu,53,0,0.00017946877243359656,1
chickpaints88,6447,48,0.00017946877243359656,1
Ribas1904,31,2,0.00017946877243359656,1
WinterMagica,78,3,0.0003589375448671931,1
Pixel_Mixers,1331,12,0.0005384063173007897,1
Erbi_san,19,0,0.0003589375448671931,1
ofertas_frikis,1534,11,0.0003589375448671931,1
unmangaderetard,47,0,0.0003589375448671931,1
therealityiwant,55,3,0.0003589375448671931,1
CollegeSistas,48743,37,0.0003589375448671931,1
mattbattmatt,661,29,0.0003589375448671931,1
EmersonMerkel,106,1,0.0003589375448671931,1
DrBeniboi,636,34,0.0003589375448671931,1
cringefandomimg,30288,29,0.00017946877243359656,1
ElMundoDeTryko,128,1,0.0003589375448671931,1
G8exe,288,5,0.00017946877243359656,1
RealPoi_,601,19,0.0003589375448671931,1
madness_mouse,95,0,0.00017946877243359656,1
mooneyejen,1323,19,0.0003589375448671931,1
HyruleanC,55,0,0.0003589375448671931,1
Amigo_JEP,72,2,0.0003589375448671931,1
LeCBastien,124,1,0.0003589375448671931,1
incredibledood,99,5,0.0003589375448671931,1
DiscoDogonline,261,6,0.0003589375448671931,1
SuuSlime,11592,155,0.0003589375448671931,1
renakoc,7061,0,0.0003589375448671931,1
andrewryan1984,250,11,0.0003589375448671931,1
bennieandthenix,2193,20,0.0003589375448671931,1
maah_ravilhosa,4724,27,0.00017946877243359656,1
Katwasbored,287,12,0.00017946877243359656,1
TopsieTurvy_,3605,34,0.00017946877243359656,1
MuslimShamir,9256,4,0.0003589375448671931,1
precambrianslut,375,13,0.0003589375448671931,1
2ViBear,38,1,0.0003589375448671931,1
IndieBandits,8233,71,0.00017946877243359656,1
Karolinsk,344,17,0.0003589375448671931,1
7reppenwitz,264,1,0.0003589375448671931,1
luashin,352,1,0.0003589375448671931,1
SweetFlandre,512,3,0.0003589375448671931,1
koallabyninja,92,1,0.0003589375448671931,1
scolioticolivia,163,0,0.0003589375448671931,1
blue_troller,1624,36,0.0003589375448671931,1
